AL,01001,Autauga County,20447,7429,28139,13018,0.7266427378371655,0.26401080351114115,0.46263193432602434
AL,01003,Baldwin County,95144,24763,120973,70381,0.786489547254346,0.20469856910219636,0.5817909781521498
AL,01005,Barbour County,5578,4120,9766,1458,0.5711652672537375,0.4218718001228753,0.14929346713086222
AL,01007,Bibb County,7563,1617,9230,5946,0.8193932827735645,0.1751895991332611,0.6442036836403033
AL,01009,Blount County,25271,2569,28024,22702,0.9017627747644876,0.09167142449329146,0.8100913502711962
AL,01011,Bullock County,1099,2983,4104,-1884,0.26778752436647174,0.7268518518518519,-0.4590643274853801
AL,01013,Butler County,5167,3248,8459,1919,0.6108287031564015,0.3839697363754581,0.22685896678094336
AL,01015,Calhoun County,34841,13170,48435,21671,0.7193351914937545,0.2719108082997832,0.44742438319397126
AL,01017,Chambers County,8704,5402,14215,3302,0.6123109391487865,0.3800211044671122,0.23228983468167436
AL,01019,Cherokee County,11342,1550,12965,9792,0.8748168145005785,0.1195526417277285,0.75526417277285
AL,01021,Chilton County,16901,2697,19708,14204,0.8575705297341181,0.13684798051552668,0.7207225492185914
AL,01023,Choctaw County,4094,2511,6633,1583,0.6172169455751545,0.378561736770692,0.2386552088044625
AL,01025,Clarke County,6956,4917,11927,2039,0.5832145552108661,0.41225790223861825,0.17095665297224782
AL,01027,Clay County,5693,986,6709,4707,0.8485616336264719,0.14696676106722315,0.7015948725592487
AL,01029,Cleburne County,6984,605,7633,6379,0.9149744530328835,0.07926110310493908,0.8357133499279444
AL,01031,Coffee County,17457,4585,22214,12872,0.7858557666336544,0.20640136850634735,0.579454398127307
AL,01033,Colbert County,19614,7092,26940,12522,0.7280623608017818,0.26325167037861913,0.46481069042316264
AL,01035,Conecuh County,3423,2580,6043,843,0.5664405096806222,0.42694026145953995,0.13950024822108226
AL,01037,Coosa County,3750,1475,5253,2275,0.7138777841233581,0.2807919284218542,0.43308585570150393
AL,01039,Covington County,14664,2309,17054,12355,0.8598569250615692,0.2,0.7244634689808843
AL,01041,Crenshaw County,4993,1453,6469,3540,0.7718349049312104,0.22460967692069872,0.5472252280105117
AL,01043,Cullman County,38669,4033,43010,34636,0.8990699837247151,0.09376889095559172,0.8053010927691234
AL,01045,Dale County,14473,4478,19095,9995,0.7579471065724012,0.23451165226499082,0.5234354543074103
AL,01047,Dallas County,5188,10233,15523,-5045,0.33421374734265286,0.6592153578560845,-0.3250016105134317
AL,01049,DeKalb County,25631,3757,29580,21874,0.866497633536173,0.12701149425287356,0.7394861392832994
AL,01051,Elmore County,31336,9764,41443,21572,0.7561228675530246,0.23560070458219723,0.5205221629708274
AL,01053,Escambia County,10866,3956,14902,6910,0.7291638706213931,0.265467722453362,0.4636961481680311
AL,01055,Etowah County,35470,9969,45780,25501,0.7747924858016602,0.21775884665792922,0.5570336391437309
AL,01057,Fayette County,7154,1141,8351,6013,0.856663872590109,0.1366303436714166,0.7200335289186924
AL,01059,Franklin County,10404,1566,12062,8838,0.8625435251202123,0.12982921571878628,0.732714309401426
AL,01061,Geneva County,10924,1389,12383,9535,0.8821771783897279,0.11216991036097876,0.7700072680287491
AL,01063,Greene County,885,3131,4033,-2246,0.2194396231093479,0.7763451524919415,-0.5569055293825935
AL,01065,Hale County,3363,3861,7277,-498,0.4621409921671018,0.5305757867252989,-0.06843479455819712
AL,01067,Henry County,6983,2259,9291,4724,0.7515875578516844,0.24313852114949952,0.5084490367021849
AL,01069,Houston County,32255,11258,43883,20997,0.7350226739284005,0.2565458150080897,0.4784768589203108
AL,01071,Jackson County,20073,3274,23507,16799,0.8539158548517463,0.13927766197302932,0.7146381928787169
AL,01073,Jefferson County,130991,161828,296319,-30837,0.4420607520948707,0.5461276529685912,-0.1040669008737205
AL,01075,Lamar County,6028,805,6869,5223,0.8775658756733149,0.11719318678119085,0.7603726888921241
AL,01077,Lauderdale County,32615,10299,43332,22316,0.7526770054463214,0.23767654389365828,0.5150004615526631
AL,01079,Lawrence County,12961,2975,16043,9986,0.8078912921523406,0.18543913233185813,0.6224521598204824
AL,01081,Lee County,45883,25672,72430,20211,0.6334806019605136,0.3544387684661052,0.27904183349440836
AL,01083,Limestone County,37524,14452,52601,23072,0.7133704682420486,0.27474762837208416,0.4386228398699645
AL,01085,Lowndes County,1755,3865,5647,-2110,0.3107844873384098,0.684434212856384,-0.37364972551797415
AL,01087,Macon County,1681,6069,7804,-4388,0.2154023577652486,0.7776781137878012,-0.5622757560225525
AL,01089,Madison County,105149,87509,195749,17640,0.5371623865256017,0.44704698363720885,0.09011540288839281
AL,01091,Marengo County,4990,4621,9658,369,0.5166701180368606,0.4784634499896459,0.038206668047214676
AL,01093,Marion County,12238,1196,13515,11042,0.9055123936367,0.08849426563078061,0.8170181280059194
AL,01095,Marshall County,34350,5535,40174,28815,0.8550306168168467,0.1377756758102255,0.7172549410066211
AL,01097,Mobile County,99981,71279,172972,28702,0.5780184076035427,0.41208403672270655,0.16593437088083618
AL,01099,Monroe County,5997,3736,9785,2261,0.6128768523249872,0.38180889115993866,0.23106796116504857
AL,01101,Montgomery County,30404,57734,89088,-27330,0.3412805316091954,0.6480558548850575,-0.30677532327586204
AL,01103,Morgan County,40310,12343,53181,27967,0.7579774731577067,0.23209416897012092,0.5258833041875858
AL,01105,Perry County,1268,3170,4452,-1902,0.28481581311769993,0.7120395327942498,-0.4272237196765499
AL,01107,Pickens County,5455,3385,8885,2070,0.6139561057962859,0.38097917839054585,0.23297692740574005
AL,01109,Pike County,8213,4882,13186,3331,0.6228575762172001,0.3702411648718338,0.2526164113453663
AL,01111,Randolph County,9098,1919,11070,7179,0.8218608852755194,0.17335140018066847,0.648509485094851
AL,01113,Russell County,10047,10379,20604,-332,0.4876237623762376,0.5037371384197243,-0.016113376043486727
AL,01115,St. Clair County,34873,7483,42644,27390,0.8177703780133195,0.17547603414313853,0.642294343870181
AL,01117,Shelby County,79522,32947,113758,46575,0.6990453418660666,0.2896235869125688,0.4094217549534978
AL,01119,Sumter County,1542,3722,5294,-2180,0.29127313940309785,0.7030600680015111,-0.41178692859841326
AL,01121,Talladega County,22070,10878,33125,11192,0.6662641509433962,0.3283924528301887,0.3378716981132075
AL,01123,Tallapoosa County,14881,4974,19976,9907,0.7449439327192631,0.24899879855826992,0.4959451341609932
AL,01125,Tuscaloosa County,50617,33322,84695,17295,0.5976385855127221,0.3934352677253675,0.20420331778735457
AL,01127,Walker County,25393,4092,29665,21301,0.855991909657846,0.13794033372661385,0.7180515759312321
AL,01129,Washington County,6526,1859,8418,4667,0.7752435257780945,0.22083630315989547,0.5544072226181991
AL,01131,Wilcox County,1793,3449,5259,-1656,0.3409393420802434,0.6558281042023199,-0.31488876212207645
AL,01133,Winston County,10190,882,11126,9308,0.915872730541075,0.07927377314398706,0.8365989573970879
AK,02001,State House District 1,4859,3364,8223,1495,0.5909035631764563,0.40909643682354374,0.18180712635291257
AK,02002,State House District 2,4533,4569,9102,-36,0.498022412656559,0.501977587343441,-0.0039551746868820015
AK,02003,State House District 3,4495,6130,10625,-1635,0.42305882352941176,0.5769411764705883,-0.15388235294117653
AK,02004,State House District 4,2690,6160,8850,-3470,0.303954802259887,0.696045197740113,-0.39209039548022595
AK,02005,State House District 5,4351,3325,7676,1026,0.5668316831683168,0.43316831683168316,0.13366336633663362
AK,02006,State House District 6,6700,4772,11472,1928,0.5840306834030683,0.41596931659693165,0.16806136680613665
AK,02007,State House District 7,6775,2513,9288,4262,0.7294358311800172,0.2705641688199828,0.4588716623600344
AK,02008,State House District 8,7949,2575,10524,5374,0.7553211706575447,0.24467882934245533,0.5106423413150893
AK,02009,State House District 9,5575,5846,11421,-271,0.48813589002714297,0.511864109972857,-0.023728219945714057
AK,02010,State House District 10,4354,4068,8422,286,0.5169793398242698,0.48302066017573025,0.03395867964853955
AK,02011,State House District 11,4843,4621,9464,222,0.5117286559594252,0.4882713440405748,0.023457311918850365
AK,02012,State House District 12,4057,4167,8224,-110,0.49331225680933855,0.5066877431906615,-0.01337548638132291
AK,02013,State House District 13,3583,3679,7262,-96,0.493390250619664,0.506609749380336,-0.013219498760671966
AK,02014,State House District 14,2763,4329,7092,-1566,0.3895939086294416,0.6104060913705583,-0.22081218274111675
AK,02015,State House District 15,4592,4359,8951,233,0.5130153055524522,0.4869846944475478,0.026030611104904455
AK,02016,State House District 16,3928,5341,9269,-1413,0.42377818534901285,0.5762218146509872,-0.15244362930197436
AK,02017,State House District 17,2406,4989,7395,-2583,0.32535496957403653,0.6746450304259635,-0.34929006085192693
AK,02018,State House District 18,2686,1927,4613,759,0.5822675048775201,0.41773249512247995,0.16453500975504015
AK,02019,State House District 19,1968,2820,4788,-852,0.41102756892230574,0.5889724310776943,-0.17794486215538852
AK,02020,State House District 20,3025,3910,6935,-885,0.43619322278298484,0.5638067772170151,-0.12761355443403027
AK,02021,State House District 21,3982,4711,8693,-729,0.4580697112619349,0.5419302887380651,-0.08386057747613024
AK,02022,State House District 22,2587,2656,5243,-69,0.4934197978256723,0.5065802021743276,-0.013160404348655341
AK,02023,State House District 23,6101,4116,10217,1985,0.5971420182049525,0.40285798179504745,0.19428403640990505
AK,02024,State House District 24,6481,3234,9715,3247,0.6671127123005661,0.3328872876994339,0.33422542460113225
AK,02025,State House District 25,6885,3170,10055,3715,0.6847339632023869,0.3152660367976131,0.36946792640477377
AK,02026,State House District 26,7131,2009,9140,5122,0.7801969365426696,0.21980306345733042,0.5603938730853393
AK,02027,State House District 27,6778,1807,8585,4971,0.7895165987186954,0.2104834012813046,0.5790331974373908
AK,02028,State House District 28,6710,2210,8920,4500,0.7522421524663677,0.24775784753363228,0.5044843049327354
AK,02029,State House District 29,7414,2705,10119,4709,0.7326810949698587,0.26731890503014133,0.46536218993971734
AK,02030,State House District 30,7301,2700,10001,4601,0.73002699730027,0.26997300269973,0.46005399460054
AK,02031,State House District 31,3474,3238,6712,236,0.517580452920143,0.48241954707985696,0.03516090584028603
AK,02032,State House District 32,3742,1883,5625,1859,0.6652444444444444,0.33475555555555553,0.3304888888888889
AK,02033,State House District 33,6546,2016,8562,4530,0.764540995094604,0.23545900490539592,0.5290819901892081
AK,02034,State House District 34,5830,3755,9585,2075,0.6082420448617631,0.3917579551382368,0.21648408972352634
AK,02035,State House District 35,4394,4883,9277,-489,0.4736444971434731,0.5263555028565269,-0.05271100571305376
AK,02036,State House District 36,5626,3525,9151,2101,0.6147961971369249,0.3852038028630751,0.2295923942738498
AK,02037,State House District 37,2189,1905,4094,284,0.5346849047386419,0.46531509526135806,0.06936980947728388
AK,02038,State House District 38,1502,1993,3495,-491,0.4297567954220315,0.5702432045779685,-0.14048640915593702
AK,02039,State House District 39,1695,2157,3852,-462,0.4400311526479751,0.5599688473520249,-0.1199376947040498
AK,02040,State House District 40,1653,1340,2993,313,0.5522886735716672,0.4477113264283328,0.10457734714333444
AZ,04001,Apache County,12795,18872,32019,-6077,0.39960648365033263,0.5894000437240389,-0.18979356007370624
AZ,04003,Cochise County,35936,22296,58923,13640,0.6098806917502503,0.3783921388931317,0.23148855285711856
AZ,04005,Coconino County,27576,41504,70067,-13928,0.393566158105813,0.592347324703498,-0.19878116659768502
AZ,04007,Gila County,18901,8504,27648,10397,0.6836299189814815,0.30758101851851855,0.37604890046296297
AZ,04009,Graham County,11177,3867,15183,7310,0.7361522755713628,0.25469274846868206,0.4814595271026807
AZ,04011,Greenlee County,2308,954,3308,1354,0.6977025392986699,0.2883917775090689,0.40931076178960096
AZ,04012,La Paz County,5470,2101,7624,3369,0.7174711437565582,0.27557712486883523,0.44189401888772295
AZ,04013,Maricopa County,1051531,980016,2053945,71515,0.511956746650957,0.47713838491293586,0.034818361738021164
AZ,04015,Mohave County,85683,24081,110450,61602,0.7757627885921231,0.218026256224536,0.5577365323675871
AZ,04017,Navajo County,29480,20754,50706,8726,0.5813907624344259,0.40930067447639334,0.17209008795803254
AZ,04019,Pima County,214669,292450,513176,-77781,0.41831457433706953,0.5698824574804745,-0.15156788314340497
AZ,04021,Pinal County,126926,80656,209552,46270,0.6057016874093304,0.3848973047262732,0.2208043826830572
AZ,04023,Santa Cruz County,7699,11265,19121,-3566,0.4026463051095654,0.5891428272579886,-0.18649652214842322
AZ,04025,Yavapai County,99346,48717,149402,50629,0.6649576310892759,0.3260799721556606,0.33887765893361527
AZ,04027,Yuma County,40745,26823,68195,13922,0.5974778209546154,0.3933279565950583,0.20414986435955712
AR,05001,Arkansas County,3951,1503,5547,2448,0.7122769064359114,0.2709572742022715,0.44131963223363985
AR,05003,Ashley County,5145,1774,7030,3371,0.7318634423897582,0.2523470839260313,0.4795163584637269
AR,05005,Baxter County,16253,4341,20954,11912,0.7756514269351914,0.20716808246635487,0.5684833444688365
AR,05007,Benton County,79907,45231,128595,34676,0.6213849683113651,0.3517321824332206,0.26965278587814456
AR,05009,Boone County,13968,2854,17112,11114,0.8162692847124825,0.16678354371201495,0.6494857410004675
AR,05011,Bradley County,2213,961,3209,1252,0.6896229354939234,0.2994702399501402,0.3901526955437832
AR,05013,Calhoun County,1674,379,2092,1295,0.8001912045889101,0.18116634799235182,0.6190248565965584
AR,05015,Carroll County,7470,3812,11538,3658,0.6474258970358814,0.3303865487952851,0.31703934824059626
AR,05017,Chicot County,1658,1796,3490,-138,0.47507163323782237,0.5146131805157593,-0.03954154727793696
AR,05019,Clark County,4526,2959,7657,1567,0.5910931174089069,0.38644377693613685,0.20464934047277006
AR,05021,Clay County,3968,907,4967,3061,0.7988725588886652,0.18260519428226293,0.6162673646064022
AR,05023,Cleburne County,10595,1941,12739,8654,0.831697935473742,0.1523667477824005,0.6793311876913415
AR,05025,Cleveland County,2804,524,3374,2280,0.8310610551274452,0.15530527563722585,0.6757557794902194
AR,05027,Columbia County,5367,2466,7940,2901,0.6759445843828715,0.3105793450881612,0.3653652392947103
AR,05029,Conway County,5893,2449,8541,3444,0.6899660461304297,0.2867345744058073,0.40323147172462237
AR,05031,Craighead County,25152,11210,37242,13942,0.6753665216690833,0.3010042425218839,0.3743622791471994
AR,05033,Crawford County,18615,4753,23834,13862,0.7810271041369472,0.199420995216917,0.5816061089200302
AR,05035,Crittenden County,7028,7362,14681,-334,0.4787139840610313,0.5014644778966011,-0.02275049383556982
AR,05037,Cross County,4753,1642,6534,3111,0.7274257728803183,0.251300887664524,0.47612488521579427
AR,05039,Dallas County,1482,798,2324,684,0.6376936316695353,0.3433734939759036,0.2943201376936317
AR,05041,Desha County,1805,1638,3505,167,0.514978601997147,0.4673323823109843,0.04764621968616267
AR,05043,Drew County,4203,2050,6365,2153,0.6603299293008641,0.3220738413197172,0.33825608798114687
AR,05045,Faulkner County,35357,17752,54465,17605,0.6491691912237216,0.3259340861103461,0.32323510511337555
AR,05047,Franklin County,5582,1232,6971,4350,0.8007459474967723,0.1767321761583704,0.624013771338402
AR,05049,Fulton County,4040,906,5043,3134,0.8011104501288915,0.17965496728138014,0.6214554828475114
AR,05051,Garland County,28359,13015,42327,15344,0.6699978736976399,0.3074869468660666,0.36251092683157327
AR,05053,Grant County,6755,1192,8078,5563,0.8362218370883883,0.14756127754394652,0.6886605595444417
AR,05055,Greene County,12617,2935,15820,9682,0.7975347661188369,0.18552465233881163,0.6120101137800252
AR,05057,Hempstead County,4193,1776,6089,2417,0.6886188208244375,0.2916735096074889,0.3969453112169486
AR,05059,Hot Spring County,9226,2818,12283,6408,0.7511194333631849,0.22942277945127412,0.5216966539119108
AR,05061,Howard County,3246,1158,4473,2088,0.7256874580818243,0.25888665325285043,0.4668008048289739
AR,05063,Independence County,11023,2689,14011,8334,0.7867389907929484,0.19192063378773822,0.5948183570052101
AR,05065,Izard County,4854,949,5925,3905,0.8192405063291139,0.16016877637130802,0.6590717299578059
AR,05067,Jackson County,3509,1183,4775,2326,0.734869109947644,0.24774869109947645,0.48712041884816754
AR,05069,Jefferson County,8468,12802,21608,-4334,0.3918918918918919,0.5924657534246576,-0.20057386153276568
AR,05071,Johnson County,6766,2107,9059,4659,0.7468815542554366,0.2325863781874379,0.5142951760679987
AR,05073,Lafayette County,1589,698,2325,891,0.6834408602150538,0.3002150537634409,0.3832258064516129
AR,05075,Lawrence County,4608,965,5692,3643,0.8095572733661279,0.16953619114546734,0.6400210822206606
AR,05077,Lee County,1181,1270,2520,-89,0.46865079365079365,0.503968253968254,-0.0353174603174603
AR,05079,Lincoln County,2502,813,3372,1689,0.7419928825622776,0.2411032028469751,0.5008896797153025
AR,05081,Little River County,3744,1084,4899,2660,0.7642375995101041,0.2212696468667075,0.5429679526433966
AR,05083,Logan County,6567,1464,8205,5103,0.8003656307129798,0.17842778793418648,0.6219378427787934
AR,05085,Lonoke County,23225,6790,30620,16435,0.758491182233834,0.2217504898758981,0.536740692357936
AR,05087,Madison County,5885,1491,7501,4394,0.7845620583922144,0.1987734968670844,0.5857885615251299
AR,05089,Marion County,6230,1501,7851,4729,0.7935294866895937,0.19118583619921029,0.6023436504903834
AR,05091,Miller County,11842,3769,15803,8073,0.7493513889767766,0.23849901917357463,0.5108523698032019
AR,05093,Mississippi County,6963,3574,10717,3389,0.6497154054306242,0.3334888494914622,0.31622655593916205
AR,05095,Monroe County,1385,1002,2433,383,0.5692560624743116,0.4118372379778052,0.1574188244965064
AR,05097,Montgomery County,2987,645,3707,2342,0.8057728621526841,0.17399514432155383,0.6317777178311302
AR,05099,Nevada County,2002,849,2907,1153,0.6886824905400757,0.29205366357069146,0.39662882696938423
AR,05101,Newton County,3063,644,3770,2419,0.8124668435013263,0.17082228116710876,0.6416445623342175
AR,05103,Ouachita County,5056,3412,8626,1644,0.5861349408764202,0.39554834222119173,0.19058659865522842
AR,05105,Perry County,3559,923,4584,2636,0.7763961605584643,0.2013525305410122,0.5750436300174521
AR,05107,Phillips County,2098,2754,4938,-656,0.4248683677602268,0.5577156743620899,-0.1328473066018631
AR,05109,Pike County,3746,560,4358,3186,0.8595686094538779,0.12849931161083067,0.7310692978430473
AR,05111,Poinsett County,5731,1235,7079,4496,0.8095776239581862,0.17445966944483685,0.6351179545133494
AR,05113,Polk County,6987,1145,8288,5842,0.8430260617760618,0.1381515444015444,0.7048745173745173
AR,05115,Pope County,18118,5487,24191,12631,0.7489562233888636,0.22681989169525857,0.522136331693605
AR,05117,Prairie County,2628,524,3200,2104,0.82125,0.16375,0.6575
AR,05119,Pulaski County,57977,92038,153924,-34061,0.37665991008549676,0.5979444401133027,-0.22128453002780596
AR,05121,Randolph County,5367,1138,6636,4229,0.8087703435804702,0.17148884870403858,0.6372814948764316
AR,05123,St. Francis County,2909,2953,5979,-44,0.48653621006857334,0.49389530021742767,-0.00735909014885433
AR,05125,Saline County,39736,16609,57609,23127,0.6897533371521811,0.2883056466871496,0.40144769046503154
AR,05127,Scott County,2913,425,3384,2488,0.8608156028368794,0.12559101654846336,0.735224586288416
AR,05129,Searcy County,3305,511,3869,2794,0.8542258981649005,0.1320754716981132,0.7221504264667873
AR,05131,Sebastian County,30719,13652,45452,17067,0.675855847927484,0.3003608202059315,0.37549502772155247
AR,05133,Sevier County,3772,862,4714,2910,0.8001697072549852,0.1828595672464998,0.6173101400084854
AR,05135,Sharp County,5978,1316,7437,4662,0.8038187441172516,0.17695307247546055,0.6268656716417911
AR,05137,Stone County,4808,1089,6030,3719,0.7973466003316749,0.18059701492537314,0.6167495854063018
AR,05139,Union County,10196,5019,15448,5177,0.6600207146556188,0.3248964267219058,0.33512428793371307
AR,05141,Van Buren County,6023,1437,7621,4586,0.790316231465687,0.18855793202991733,0.6017582994357696
AR,05143,Washington County,50243,43779,97158,6464,0.5171267420078635,0.45059593651577845,0.06653080549208501
AR,05145,White County,24514,5641,30837,18873,0.7949541135648733,0.1829295975613711,0.6120245160035023
AR,05147,Woodruff County,1513,760,2318,753,0.6527178602243313,0.32786885245901637,0.32484900776531495
AR,05149,Yell County,5147,1213,6477,3934,0.7946580206885904,0.18727806083063148,0.6073799598579589
CA,06001,Alameda County,140555,499041,669002,-358486,0.21009653184893318,0.7459484426055527,-0.5358519107566195
CA,06003,Alpine County,243,478,737,-235,0.32971506105834464,0.6485753052917232,-0.3188602442333786
CA,06005,Amador County,14012,7780,22393,6232,0.6257312553029964,0.34743000044656813,0.2783012548564283
CA,06007,Butte County,45030,42360,90383,2670,0.498213159554341,0.46867220605644866,0.02954095349789232
CA,06009,Calaveras County,16617,9178,26468,7439,0.6278147196614781,0.3467583497053045,0.28105636995617356
CA,06011,Colusa County,4400,2417,6991,1983,0.6293806322414532,0.34573022457445285,0.2836504076670004
CA,06013,Contra Costa County,153575,353097,524096,-199522,0.2930283764806448,0.6737258059592136,-0.3806974294785688
CA,06015,Del Norte County,5999,4266,10564,1733,0.5678720181749337,0.40382430897387356,0.16404770920106015
CA,06017,El Dorado County,60984,47599,111651,13385,0.5462020044603273,0.42631951348398134,0.11988249097634596
CA,06019,Fresno County,160746,146866,315793,13880,0.5090233159063057,0.4650704733797139,0.04395284252659176
CA,06021,Glenn County,6895,3256,10429,3639,0.6611372135391697,0.31220634768434175,0.3489308658548279
CA,06023,Humboldt County,18151,33442,53949,-15291,0.336447385493707,0.6198817401620048,-0.2834343546682978
CA,06025,Imperial County,22433,23229,46899,-796,0.47832576387556236,0.49529840721550566,-0.016972643339943305
CA,06027,Inyo County,4464,4197,8943,267,0.4991613552499161,0.46930560214693057,0.02985575310298555
CA,06029,Kern County,165956,107167,280205,58789,0.5922663764029906,0.38245927089095483,0.2098071055120358
CA,06031,Kings County,25040,15493,41439,9547,0.6042616858514925,0.37387485219237915,0.2303868336591134
CA,06033,Lake County,7588,8314,16316,-726,0.46506496690365284,0.5095611669526845,-0.04449620004903165
CA,06035,Lassen County,8346,2412,11025,5934,0.7570068027210884,0.21877551020408162,0.5382312925170069
CA,06037,Los Angeles County,1188213,2414417,3723929,-1226204,0.31907509514816207,0.6483520496765647,-0.3292769545284026
CA,06039,Madera County,32308,20940,54543,11368,0.5923399886328218,0.3839172762774325,0.20842271235538928
CA,06041,Marin County,24014,116051,143967,-92037,0.1668021143734328,0.8060944522008516,-0.6392923378274188
CA,06043,Mariposa County,5619,3618,9499,2001,0.5915359511527529,0.38088219812611857,0.21065375302663436
CA,06045,Mendocino County,12464,23020,37017,-10556,0.3367101601966664,0.6218764351514169,-0.2851662749547505
CA,06047,Merced County,42409,38587,83174,3822,0.5098828960973381,0.46393103614110176,0.045951859956236296
CA,06049,Modoc County,2875,1002,4001,1873,0.7185703574106473,0.2504373906523369,0.46813296675831045
CA,06051,Mono County,2285,3512,6045,-1227,0.37799834574028124,0.5809760132340778,-0.20297766749379653
CA,06053,Monterey County,49182,92996,146605,-43814,0.33547286927458136,0.6343303434398554,-0.29885747416527403
CA,06055,Napa County,20256,43013,65238,-22757,0.3104938839326773,0.6593243201814893,-0.34883043624881205
CA,06057,Nevada County,26113,33731,62009,-7618,0.4211162895708687,0.5439694237933204,-0.12285313422245164
CA,06059,Orange County,651473,688393,1383985,-36920,0.47072258731127864,0.4973991770142017,-0.02667658970292308
CA,06061,Placer County,120212,101641,228558,18571,0.5259584000560033,0.4447055014482101,0.08125289860779317
CA,06063,Plumas County,5718,4017,10056,1701,0.5686157517899761,0.3994630071599045,0.16915274463007163
CA,06065,Riverside County,458815,447699,931217,11116,0.4927047079252204,0.48076764062511745,0.011937067300102966
CA,06067,Sacramento County,244676,373136,640211,-128460,0.382180249948845,0.5828328472956572,-0.20065259734681223
CA,06069,San Benito County,11636,15111,27508,-3475,0.4230042169550676,0.5493311036789298,-0.12632688672386216
CA,06071,San Bernardino County,368596,354543,743872,14053,0.4955099802116493,0.4766182891680289,0.01889169104362043
CA,06073,San Diego County,588259,834912,1465972,-246653,0.4012757406007755,0.5695279309563893,-0.16825219035561384
CA,06075,San Francisco County,62558,323626,402830,-261068,0.15529627882729688,0.8033810788670158,-0.6480848000397189
CA,06077,San Joaquin County,122351,121203,251196,1148,0.4870738387553942,0.482503702288253,0.0045701364671411615
CA,06079,San Luis Obispo County,62548,78264,145148,-15716,0.4309256758618789,0.5392013668807011,-0.10827569101882217
CA,06081,San Mateo County,76411,242423,329735,-166012,0.2317345747342563,0.7352055438458156,-0.5034709691115593
CA,06083,Santa Barbara County,63971,112714,182308,-48743,0.3508951883625513,0.6182614037782215,-0.2673662154156702
CA,06085,Santa Clara County,210672,510337,749744,-299665,0.28099191190593054,0.6806816726776073,-0.3996897607716767
CA,06087,Santa Cruz County,27212,97931,130098,-70719,0.20916539839198142,0.7527479284846808,-0.5435825300926993
CA,06089,Shasta County,51450,23755,77115,27695,0.6671853724956234,0.30804642417169165,0.35913894832393173
CA,06091,Sierra County,1065,641,1752,424,0.6078767123287672,0.3658675799086758,0.24200913242009137
CA,06093,Siskiyou County,12456,8329,21484,4127,0.5797803016198101,0.38768385775460806,0.19209644386520203
CA,06095,Solano County,70320,113950,189759,-43630,0.3705753086810112,0.6004985270790846,-0.2299232183980734
CA,06097,Sonoma County,61339,176193,245698,-114854,0.24965201181938804,0.7171120644042687,-0.46746005258488066
CA,06099,Stanislaus County,104684,83711,193423,20973,0.5412179523634728,0.4327872073124706,0.1084307450510022
CA,06101,Sutter County,24739,12745,38416,11994,0.6439764681382757,0.3317628071636818,0.3122136609745939
CA,06103,Tehama County,17711,7192,25499,10519,0.6945762578924664,0.28205027648143066,0.4125259814110357
CA,06105,Trinity County,2976,2447,5640,529,0.5276595744680851,0.43386524822695033,0.09379432624113476
CA,06107,Tulare County,81706,53128,138026,28578,0.5919609348963238,0.3849129874081695,0.20704794748815436
CA,06109,Tuolumne County,17197,10903,28791,6294,0.597304713278455,0.378694730992324,0.21860998228613104
CA,06111,Ventura County,157977,216297,385470,-58320,0.409829558720523,0.5611253794069577,-0.1512958206864347
CA,06113,Yolo County,26671,57445,87264,-30774,0.3056357719105244,0.6582897873120646,-0.3526540154015402
CA,06115,Yuba County,17187,10077,28065,7110,0.6123997862105826,0.3590593265633351,0.25334045964724744
CO,08001,Adams County,103011,124050,233315,-21039,0.44151040438891626,0.5316846323639715,-0.0901742279750552
CO,08003,Alamosa County,4057,3244,7519,813,0.5395664317063439,0.43144035111052004,0.10812608059582385
CO,08005,Arapahoe County,125287,190692,325391,-65405,0.3850352345332231,0.5860395647083048,-0.20100433017508168
CO,08007,Archuleta County,5218,3904,9355,1314,0.5577765900587921,0.41731694281133086,0.14045964724746124
CO,08009,Baca County,1686,275,2004,1411,0.8413173652694611,0.1372255489021956,0.7040918163672655
CO,08011,Bent County,1496,645,2189,851,0.6834170854271356,0.29465509365006853,0.3887619917770671
CO,08013,Boulder County,40709,149922,195867,-109213,0.20784001388697432,0.7654275605385287,-0.5575875466515543
CO,08014,Broomfield County,16071,29426,46817,-13355,0.34327274280709996,0.6285323707200376,-0.2852596279129377
CO,08015,Chaffee County,6033,7990,14413,-1957,0.41858044820648027,0.5543606466384514,-0.13578019843197114
CO,08017,Cheyenne County,930,108,1055,822,0.8815165876777251,0.1023696682464455,0.7791469194312797
CO,08019,Clear Creek County,2452,3464,6101,-1012,0.40190132765120473,0.5677757744632027,-0.16587444681199798
CO,08021,Conejos County,2358,1627,4104,731,0.5745614035087719,0.39644249512670565,0.1781189083820663
CO,08023,Costilla County,850,1155,2080,-305,0.40865384615384615,0.5552884615384616,-0.14663461538461542
CO,08025,Crowley County,1231,422,1706,809,0.7215709261430246,0.2473622508792497,0.47420867526377497
CO,08027,Custer County,2583,1188,3867,1395,0.6679596586501164,0.30721489526764933,0.3607447633824671
CO,08029,Delta County,12948,6029,19475,6919,0.6648523748395379,0.3095763799743261,0.3552759948652118
CO,08031,Denver County,74763,278627,363066,-203864,0.2059212374609575,0.7674279607564465,-0.561506723295489
CO,08033,Dolores County,1076,325,1419,751,0.7582804792107117,0.22903453136011276,0.529245947850599
CO,08035,Douglas County,127451,110407,243757,17044,0.5228608819439031,0.45293878739892596,0.06992209454497716
CO,08037,Eagle County,10148,16943,27798,-6795,0.3650622346931434,0.6095042808835168,-0.2444420461903734
CO,08039,Elbert County,15207,4764,20411,10443,0.745039439517907,0.23340355690559011,0.5116358826123169
CO,08041,El Paso County,203731,166371,380370,37360,0.5356126929042774,0.4373925388437574,0.09822015406051998
CO,08043,Fremont County,17313,7526,25467,9787,0.679820944752032,0.2955196921506263,0.38430125260140574
CO,08045,Garfield County,14493,15128,30372,-635,0.47718293164757014,0.4980903463716581,-0.02090741472408797
CO,08047,Gilpin County,1729,2251,4126,-522,0.41904992729035384,0.5455647115850702,-0.1265147842947164
CO,08049,Grand County,4822,4739,9879,83,0.4881060836117016,0.47970442352464826,0.008401660087053342
CO,08051,Gunnison County,3689,6887,10939,-3198,0.3372337507998903,0.629582228722918,-0.2923484779230277
CO,08053,Hinsdale County,332,257,606,75,0.5478547854785478,0.4240924092409241,0.1237623762376237
CO,08055,Huerfano County,2346,1965,4438,381,0.5286164939161785,0.4427670121676431,0.0858494817485354
CO,08057,Jackson County,634,173,834,461,0.7601918465227818,0.20743405275779375,0.5527577937649881
CO,08059,Jefferson County,140481,210852,361457,-70371,0.3886520388317283,0.5833390970433551,-0.1946870582116268
CO,08061,Kiowa County,744,102,863,642,0.8621089223638471,0.11819235225955968,0.7439165701042874
CO,08063,Kit Carson County,3083,556,3698,2527,0.8336938885884262,0.1503515413737155,0.6833423472147107
CO,08065,Lake County,1557,2199,3911,-642,0.39810790079263614,0.5622602914855536,-0.16415239069291743
CO,08067,La Plata County,14024,20677,35681,-6653,0.3930383117065105,0.579496090356212,-0.18645777864970148
CO,08069,Larimer County,89668,129363,225454,-39695,0.39772192997241124,0.573788888198923,-0.1760669582265118
CO,08071,Las Animas County,4328,3276,7792,1052,0.555441478439425,0.4204312114989733,0.13501026694045176
CO,08073,Lincoln County,2090,432,2571,1658,0.8129132633216647,0.16802800466744458,0.6448852586542201
CO,08075,Logan County,7855,2098,10162,5757,0.7729777602834088,0.20645542216099194,0.5665223381224169
CO,08077,Mesa County,55839,33573,91600,22266,0.6095960698689956,0.3665174672489083,0.2430786026200873
CO,08079,Mineral County,417,317,753,100,0.5537848605577689,0.4209827357237716,0.13280212483399728
CO,08081,Moffat County,5327,1165,6638,4162,0.8025007532389273,0.17550467008134982,0.6269960831575775
CO,08083,Montezuma County,8972,5793,15136,3179,0.5927589852008457,0.3827299154334038,0.2100290697674419
CO,08085,Montrose County,16704,8354,25617,8350,0.6520669867666004,0.32611156653784595,0.3259554202287544
CO,08087,Morgan County,9830,3291,13458,6539,0.7304205676920791,0.24453856442264824,0.4858820032694309
CO,08089,Otero County,5520,3164,8925,2356,0.6184873949579832,0.3545098039215686,0.2639775910364146
CO,08091,Ouray County,1573,2442,4098,-869,0.3838457784285017,0.595900439238653,-0.21205466081015129
CO,08093,Park County,6825,4841,12041,1984,0.5668133875923926,0.4020430196827506,0.16477036790964206
CO,08095,Phillips County,1888,412,2354,1476,0.8020390824129142,0.1750212404418012,0.627017841971113
CO,08097,Pitkin County,2992,7932,11167,-4940,0.26793230052834244,0.7103071550102982,-0.44237485448195574
CO,08099,Prowers County,3833,1227,5144,2606,0.7451399688958009,0.2385303265940902,0.5066096423017107
CO,08101,Pueblo County,43688,39328,85107,4360,0.513330278355482,0.46210064977028914,0.05122962858519281
CO,08103,Rio Blanco County,2988,637,3690,2351,0.8097560975609757,0.17262872628726286,0.6371273712737128
CO,08105,Rio Grande County,3743,2306,6194,1437,0.6042944785276073,0.37229577010009685,0.23199870842751047
CO,08107,Routt County,5676,10204,16331,-4528,0.34755985548955975,0.6248239544424714,-0.27726409895291165
CO,08109,Saguache County,1577,1704,3400,-127,0.4638235294117647,0.5011764705882353,-0.037352941176470644
CO,08111,San Juan County,188,376,588,-188,0.3197278911564626,0.6394557823129252,-0.3197278911564626
CO,08113,San Miguel County,1154,3529,4804,-2375,0.2402164862614488,0.7345961698584513,-0.4943796835970026
CO,08115,Sedgwick County,1048,283,1358,765,0.7717231222385862,0.20839469808541974,0.5633284241531664
CO,08117,Summit County,5244,11762,17542,-6518,0.29893968760688633,0.670505073537795,-0.37156538593090865
CO,08119,Teller County,10856,5065,16326,5791,0.6649516109273551,0.3102413328433174,0.3547102780840377
CO,08121,Washington County,2436,329,2806,2107,0.8681397006414825,0.1172487526728439,0.7508909479686385
CO,08123,Weld County,106469,68752,179854,37717,0.5919746016213151,0.38226561544363763,0.20970898617767747
CO,08125,Yuma County,3807,758,4663,3049,0.8164271927943384,0.16255629423118165,0.6538708985631567
CT,09110,Capitol Planning Region,181038,285105,474268,-104067,0.38172088355107237,0.6011474524952137,-0.21942656894414136
CT,09120,Greater Bridgeport Planning Region,52291,83719,138055,-31428,0.37876933106370647,0.6064177320633081,-0.2276484009996016
CT,09130,Lower Connecticut River Valley Planning Region,44318,58360,104480,-14042,0.424176875957121,0.5585758039816233,-0.13439892802450232
CT,09140,Naugatuck Valley Planning Region,115290,99237,217520,16053,0.5300202280250091,0.45622011769032733,0.07380011033468181
CT,09150,Northeastern Connecticut Planning Region,29028,21165,50962,7863,0.5696008790863781,0.4153094462540717,0.15429143283230645
CT,09160,Northwest Hills Planning Region,31961,31145,64101,816,0.49860376593188876,0.48587385532206984,0.012729910609818929
CT,09170,South Central Connecticut Planning Region,105522,159331,270444,-53809,0.3901805919155167,0.5891459969531585,-0.19896540503764182
CT,09180,Southeastern Connecticut Planning Region,58392,76146,136954,-17754,0.426362136191714,0.5559969040699797,-0.12963476787826572
CT,09190,Western Connecticut Planning Region,121477,180079,306335,-58602,0.39654952911028774,0.5878499028840974,-0.1913003737738097
DE,10001,Kent County,42458,44222,88141,-1764,0.4817054492234034,0.5017188368636616,-0.020013387640258173
DE,10003,New Castle County,90868,180700,275917,-89832,0.3293309219801607,0.6549070916253801,-0.3255761696452194
DE,10005,Sussex County,81025,64836,147639,16189,0.5488048550857159,0.4391522565175868,0.10965259856812903
District of Columbia,11001,District of Columbia,21076,294185,318039,-273109,0.06626860227833693,0.9249966199113945,-0.8587280176330575
FL,12001,Alachua County,52939,81578,136548,-28639,0.3876951694642177,0.5974309400357384,-0.20973577057152065
FL,12003,Baker County,12926,1982,14977,10944,0.8630566869199439,0.132336248915003,0.7307204380049408
FL,12005,Bay County,71497,25201,97775,46296,0.7312400920480695,0.25774482229608797,0.47349526975198153
FL,12007,Bradford County,10920,2946,13932,7974,0.7838070628768303,0.21145564168819983,0.5723514211886305
FL,12009,Brevard County,216533,141233,361449,75300,0.5990693016165489,0.39074115573704726,0.20832814587950166
FL,12011,Broward County,358952,507328,874526,-148376,0.410453205507898,0.5801176866096606,-0.16966448110176258
FL,12013,Calhoun County,5367,1021,6428,4346,0.8349408836341008,0.1588363410080896,0.6761045426260112
FL,12015,Charlotte County,82480,40450,123674,42030,0.6669146303992756,0.32706955382699676,0.3398450765722788
FL,12017,Citrus County,71356,26276,98233,45080,0.7263954068388423,0.2674864862113546,0.45890892062748767
FL,12019,Clay County,87711,37926,126806,49785,0.6916943993186442,0.2990867940002839,0.3926076053183603
FL,12021,Collier County,143267,71720,216363,71547,0.6621603508917884,0.3314799665377167,0.33068038435407165
FL,12023,Columbia County,25108,8250,33592,16858,0.747439866634913,0.2455941890926411,0.5018456775422719
FL,12027,DeSoto County,8888,3525,12488,5363,0.7117232543241512,0.2822709801409353,0.42945227418321585
FL,12029,Dixie County,6920,1183,8148,5737,0.8492881688757977,0.14518900343642613,0.7040991654393716
FL,12031,Duval County,236285,229365,471268,6920,0.5013813795971719,0.4866975903307672,0.014683789266404679
FL,12033,Escambia County,96407,64601,162754,31806,0.5923479607260037,0.3969241923393588,0.19542376838664494
FL,12035,Flagler County,51014,28431,79963,22583,0.6379700611532834,0.35555194277353275,0.2824181183797506
FL,12037,Franklin County,4831,1870,6758,2961,0.7148564664101805,0.2767090855282628,0.43814738088191774
FL,12039,Gadsden County,7495,14203,21868,-6708,0.3427382476678251,0.6494878361075545,-0.3067495884397293
FL,12041,Gilchrist County,8931,1662,10686,7269,0.8357664233576643,0.15553060078607525,0.680235822571589
FL,12043,Glades County,4034,1222,5279,2812,0.7641598787649176,0.2314832354612616,0.532676643303656
FL,12045,Gulf County,6684,1970,8697,4714,0.7685408761641945,0.22651489019202023,0.5420259859721743
FL,12047,Hamilton County,3964,1727,5733,2237,0.6914355485784057,0.301238444095587,0.39019710448281875
FL,12049,Hardee County,6336,1751,8143,4585,0.7780916124278522,0.2150313152400835,0.5630602971877687
FL,12051,Hendry County,9253,4096,13460,5157,0.687444279346211,0.3043090638930163,0.3831352154531947
FL,12053,Hernando County,75446,34431,110687,41015,0.6816157272308401,0.31106634022062213,0.37054938701021795
FL,12055,Highlands County,36382,15227,51905,21155,0.7009343993834891,0.29336287448222714,0.407571524901262
FL,12057,Hillsborough County,342017,321455,671981,20562,0.5089682595192424,0.47836918008098445,0.03059907943825796
FL,12059,Holmes County,8193,882,9116,7311,0.8987494515138219,0.096752961825362,0.8019964896884599
FL,12061,Indian River County,62737,35654,99015,27083,0.6336110690299449,0.36008685552694036,0.27352421350300454
FL,12063,Jackson County,16074,5892,22098,10182,0.7273961444474613,0.2666304642954114,0.4607656801520499
FL,12065,Jefferson County,5011,3429,8502,1582,0.5893907315925665,0.4033168666196189,0.1860738649729476
FL,12067,Lafayette County,3296,441,3756,2855,0.8775292864749734,0.11741214057507987,0.7601171458998935
FL,12069,Lake County,140500,84546,226781,55954,0.6195404376909882,0.37280900957311236,0.24673142811787585
FL,12071,Lee County,250661,139240,392519,111421,0.6385958386727776,0.35473442049938986,0.2838614181733877
FL,12073,Leon County,60397,94520,156800,-34123,0.3851849489795918,0.6028061224489796,-0.21762117346938775
FL,12075,Levy County,18245,5994,24377,12251,0.7484514091151495,0.24588751692168848,0.502563892193461
FL,12077,Liberty County,2898,566,3490,2332,0.8303724928366762,0.16217765042979942,0.6681948424068769
FL,12079,Madison County,5874,3231,9156,2643,0.6415465268676278,0.35288335517693314,0.28866317169069466
FL,12081,Manatee County,140486,86674,228856,53812,0.6138619918201839,0.3787272345929318,0.23513475722725208
FL,12083,Marion County,140173,72436,214101,67737,0.654705022395972,0.33832630394066354,0.3163787184553084
FL,12085,Martin County,64121,33539,98291,30582,0.6523588120987679,0.34122147500788474,0.31113733709088315
FL,12086,Miami-Dade County,605590,480355,1094093,125235,0.5535087053842772,0.43904403007788184,0.11446467530639537
FL,12087,Monroe County,26064,17933,44327,8131,0.5879937735465969,0.40456155390619714,0.18343221964039974
FL,12089,Nassau County,47945,17143,65621,30802,0.730635010133951,0.2612425900245348,0.46939242010941623
FL,12091,Okaloosa County,80309,32074,113634,48235,0.7067339000651214,0.2822570709470757,0.4244768291180457
FL,12093,Okeechobee County,12315,3671,16058,8644,0.7669074604558476,0.22860879312492216,0.5382986673309254
FL,12095,Orange County,258279,340807,607191,-82528,0.4253669767832527,0.5612846698979399,-0.1359176931146872
FL,12097,Osceola County,86713,84205,172776,2508,0.5018810482937445,0.48736514330694075,0.014515904986803718
FL,12099,Palm Beach County,366836,372512,745697,-5676,0.4919370736371475,0.499548744329131,-0.007611670691983485
FL,12101,Pasco County,197779,117450,318463,80329,0.6210423188879085,0.3688026552535145,0.252239663634394
FL,12103,Pinellas County,269472,242452,517058,27020,0.5211639699994971,0.4689067764157986,0.052257193583698514
FL,12105,Polk County,209044,136879,348922,72165,0.5991138420621228,0.39229111377327885,0.20682272828884396
FL,12107,Putnam County,26700,9354,36272,17346,0.736104984561094,0.25788486987207765,0.4782201146890163
FL,12109,St. Johns County,128759,66862,197452,61897,0.6521027895387234,0.3386240706602111,0.31347871887851225
FL,12111,St. Lucie County,100293,83517,185131,16776,0.5417407133327211,0.45112379882353576,0.09061691450918535
FL,12113,Santa Rosa County,84314,27035,112424,57279,0.7499644204084537,0.2404735643634811,0.5094908560449726
FL,12115,Sarasota County,163219,112668,277857,50551,0.5874208675685695,0.40548915449313855,0.18193171307543093
FL,12117,Seminole County,129735,120717,253720,9018,0.5113313889326817,0.47578827053444744,0.035543118398234264
FL,12119,Sumter County,72134,32551,105217,39583,0.685573624034139,0.3093701588146402,0.3762034652194988
FL,12121,Suwannee County,17561,4217,21891,13344,0.802201818098762,0.19263624320497008,0.6095655748937919
FL,12123,Taylor County,7954,1991,9997,5963,0.7956386916074822,0.19915974792437732,0.596478943683105
FL,12125,Union County,5224,971,6231,4253,0.8383887016530251,0.15583373455304125,0.6825549670999839
FL,12127,Volusia County,187691,120132,310495,67559,0.6044896053076539,0.3869047810753796,0.21758482423227432
FL,12129,Wakulla County,14246,5441,19856,8805,0.7174657534246576,0.2740229653505238,0.4434427880741338
FL,12131,Walton County,38970,10287,49601,28683,0.7856696437571823,0.20739501219733472,0.5782746315598476
FL,12133,Washington County,10370,2140,12584,8230,0.8240623013350286,0.17005721551176098,0.6540050858232676
GA,13001,Appling County,6761,1560,8334,5201,0.8112550995920327,0.18718502519798416,0.6240700743940485
GA,13003,Atkinson County,2350,700,3057,1650,0.7687275106313379,0.2289826627412496,0.5397448478900884
GA,13005,Bacon County,4186,645,4839,3541,0.8650547633808638,0.1332920024798512,0.7317627609010127
GA,13007,Baker County,883,590,1476,293,0.5982384823848238,0.3997289972899729,0.1985094850948509
GA,13009,Baldwin County,9574,9159,18825,415,0.5085790172642762,0.4865338645418327,0.02204515272244356
GA,13011,Banks County,9358,1136,10519,8222,0.8896282916627056,0.1079950565643122,0.7816332350983934
GA,13013,Barrow County,30730,12949,43934,17781,0.6994582783265808,0.2947375608867847,0.4047207174397961
GA,13015,Bartow County,43271,13942,57547,29329,0.7519245138756148,0.24227153457174136,0.5096529793038734
GA,13017,Ben Hill County,4281,2199,6501,2082,0.6585140747577296,0.33825565297646515,0.32025842178126446
GA,13019,Berrien County,6841,1209,8068,5632,0.8479176995537928,0.14985126425384235,0.6980664352999505
GA,13021,Bibb County,26658,42172,69181,-15514,0.38533701449820035,0.6095893381130657,-0.22425232361486536
GA,13023,Bleckley County,4685,1339,6044,3346,0.7751489080079418,0.221542025148908,0.5536068828590338
GA,13025,Brantley County,7744,736,8500,7008,0.9110588235294118,0.08658823529411765,0.8244705882352942
GA,13027,Brooks County,4560,2629,7210,1931,0.6324549237170597,0.36463245492371704,0.26782246879334265
GA,13029,Bryan County,16738,7779,24651,8959,0.6789988235771368,0.31556529146890594,0.3634335321082309
GA,13031,Bulloch County,20985,11514,32657,9471,0.6425881128088924,0.3525737207949291,0.2900143920139633
GA,13033,Burke County,6027,4994,11070,1033,0.5444444444444444,0.45112917795844626,0.09331526648599814
GA,13035,Butts County,9424,3544,13019,5880,0.7238651202089255,0.2722175282279745,0.45164759198095095
GA,13037,Calhoun County,900,1153,2056,-253,0.4377431906614786,0.5607976653696498,-0.12305447470817121
GA,13039,Camden County,17819,8405,26393,9414,0.6751411359072481,0.31845565111961505,0.35668548478763307
GA,13043,Candler County,3366,1196,4568,2170,0.7368651488616462,0.2618213660245184,0.47504378283712784
GA,13045,Carroll County,42536,17634,60494,24902,0.7031441134657983,0.291499983469435,0.4116441299963633
GA,13047,Catoosa County,27150,7704,35038,19446,0.7748729950339631,0.21987556367372568,0.5549974313602375
GA,13049,Charlton County,3607,1007,4628,2600,0.7793863439930856,0.2175885911840968,0.5617977528089888
GA,13051,Chatham County,57336,82758,141109,-25422,0.4063241891020417,0.5864827899000064,-0.18015860079796464
GA,13053,Chattahoochee County,982,703,1694,279,0.5796930342384888,0.4149940968122786,0.16469893742621022
GA,13055,Chattooga County,8769,1896,10706,6873,0.8190734167756398,0.1770969549785167,0.6419764617971231
GA,13057,Cherokee County,112142,48838,162281,63304,0.6910359191772296,0.3009471225836666,0.390088796593563
GA,13059,Clarke County,16049,36297,52887,-20248,0.3034583167886248,0.6863123262805605,-0.3828540094919357
GA,13061,Clay County,663,771,1442,-108,0.45977808599167824,0.5346740638002774,-0.07489597780859913
GA,13063,Clayton County,16877,94203,111729,-77326,0.1510529942987049,0.8431383078699353,-0.6920853135712304
GA,13065,Clinch County,2201,702,2908,1499,0.7568775790921596,0.24140302613480055,0.515474552957359
GA,13067,Cobb County,168679,228404,401369,-59725,0.4202591630145826,0.5690623839907916,-0.14880322097620896
GA,13069,Coffee County,11388,4295,15715,7093,0.7246579700922685,0.27330575882914415,0.45135221126312436
GA,13071,Colquitt County,12451,4114,16611,8337,0.7495635422310517,0.24766720847631088,0.5018963337547409
GA,13073,Columbia County,53657,31624,85920,22033,0.6244995344506518,0.3680633147113594,0.25643621973929237
GA,13075,Cook County,5374,1956,7357,3418,0.7304607856463232,0.265869240179421,0.46459154546690223
GA,13077,Coweta County,57204,28111,85916,29093,0.6658131197914242,0.32719167559011125,0.33862144420131296
GA,13079,Crawford County,4742,1582,6340,3160,0.7479495268138802,0.24952681388012618,0.49842271293375395
GA,13081,Crisp County,5099,2993,8116,2106,0.628265155248891,0.36877772301626416,0.2594874322326269
GA,13083,Dade County,6804,1343,8200,5461,0.8297560975609756,0.16378048780487806,0.6659756097560975
GA,13085,Dawson County,16115,3350,19561,12765,0.8238331373651654,0.1712591380808752,0.6525739992842902
GA,13087,Decatur County,7140,4372,11549,2768,0.6182353450515196,0.3785609143648801,0.23967443068663946
GA,13089,DeKalb County,62622,299630,366008,-237008,0.17109462088260366,0.818643308342987,-0.6475486874603834
GA,13091,Dodge County,6249,2081,8350,4168,0.7483832335329341,0.24922155688622755,0.4991616766467066
GA,13093,Dooly County,2243,1921,4177,322,0.5369882690926502,0.45989944936557337,0.07708881972707682
GA,13095,Dougherty County,9904,23831,33850,-13927,0.29258493353028064,0.7040177252584934,-0.41143279172821273
GA,13097,Douglas County,23996,46240,70721,-22244,0.33930515688409385,0.6538369084147566,-0.31453175153066276
GA,13099,Early County,2718,2158,4879,560,0.5570813691330191,0.4423037507686001,0.11477761836441897
GA,13101,Echols County,1307,127,1438,1180,0.9089012517385258,0.08831710709318498,0.8205841446453408
GA,13103,Effingham County,26943,9144,36244,17799,0.7433782143251296,0.2522900342125593,0.4910881801125703
GA,13105,Elbert County,6860,2700,9589,4160,0.7154030660131401,0.2815726353112942,0.4338304307018459
GA,13107,Emanuel County,6919,2673,9619,4246,0.7193055411165402,0.2778875142946252,0.441418026821915
GA,13109,Evans County,3011,1214,4244,1797,0.7094721960414703,0.28605089538171535,0.4234213006597549
GA,13111,Fannin County,13232,2807,16096,10425,0.8220675944333996,0.17439115308151093,0.6476764413518887
GA,13113,Fayette County,38177,35822,74633,2355,0.5115297522543647,0.4799753460265566,0.031554406227808085
GA,13115,Floyd County,31631,12862,44738,18769,0.7070275828155036,0.28749608833653717,0.4195314944789664
GA,13117,Forsyth County,91281,45509,138249,45772,0.660265173708309,0.32918140456712164,0.3310837691411873
GA,13119,Franklin County,10459,1647,12140,8812,0.8615321252059308,0.135667215815486,0.7258649093904448
GA,13121,Fulton County,144655,384752,535238,-240097,0.27026294844536447,0.7188428325343118,-0.44857988408894733
GA,13123,Gilmer County,14976,3413,18481,11563,0.8103457605107949,0.18467615388777664,0.6256696066230183
GA,13125,Glascock County,1534,133,1670,1401,0.918562874251497,0.07964071856287425,0.8389221556886227
GA,13127,Glynn County,27558,16144,43912,11414,0.627573328475132,0.3676443796684278,0.25992894880670425
GA,13129,Gordon County,22495,4982,27606,17513,0.8148590886039266,0.18046801419981162,0.634391074404115
GA,13131,Grady County,7385,3290,10718,4095,0.6890278036947192,0.3069602537786901,0.3820675499160291
GA,13133,Greene County,8215,4514,12786,3701,0.6424996089472861,0.35304239011418737,0.2894572188330987
GA,13135,Gwinnett County,173041,242507,420681,-69466,0.41133542993384536,0.5764629255896986,-0.16512749565585322
GA,13137,Habersham County,19142,4036,23280,15106,0.8222508591065292,0.1733676975945017,0.6488831615120274
GA,13139,Hall County,72991,28347,101973,44644,0.7157875123807282,0.2779853490629873,0.43780216331774097
GA,13141,Hancock County,1364,2864,4240,-1500,0.32169811320754715,0.6754716981132075,-0.35377358490566035
GA,13143,Haralson County,14239,2065,16364,12174,0.8701417746272305,0.12619164018577364,0.7439501344414569
GA,13145,Harris County,16283,5976,22353,10307,0.7284480830313604,0.2673466648771977,0.4611014181541627
GA,13147,Hart County,11064,3210,14331,7854,0.7720326564789617,0.22398995185262718,0.5480427046263345
GA,13149,Heard County,5335,859,6210,4476,0.8590982286634461,0.13832528180354267,0.7207729468599035
GA,13151,Henry County,44982,83253,129034,-38271,0.3486057938217834,0.645202039772463,-0.2965962459506796
GA,13153,Houston County,45090,35907,81514,9183,0.5531565129916334,0.4405010182299973,0.11265549476163605
GA,13155,Irwin County,3340,986,4342,2354,0.7692307692307693,0.22708429295255642,0.5421464762782129
GA,13157,Jackson County,36497,10472,47243,26025,0.7725377304574222,0.2216624685138539,0.5508752619435684
GA,13159,Jasper County,7203,1881,9118,5322,0.7899758719017328,0.20629524018425094,0.5836806317174819
GA,13161,Jeff Davis County,4935,924,5872,4011,0.8404291553133515,0.15735694822888283,0.6830722070844687
GA,13163,Jefferson County,3765,3674,7463,91,0.5044888114699183,0.49229532359640893,0.012193487873509379
GA,13165,Jenkins County,2217,1179,3409,1038,0.6503373423291288,0.3458492226459372,0.30448811968319156
GA,13167,Johnson County,2913,1066,3984,1847,0.7311746987951807,0.267570281124498,0.4636044176706827
GA,13169,Jones County,11079,4959,16092,6120,0.6884787472035794,0.308165548098434,0.3803131991051454
GA,13171,Lamar County,7575,2795,10412,4780,0.7275259316173646,0.2684402612370342,0.4590856703803304
GA,13173,Lanier County,2726,995,3736,1731,0.7296573875802997,0.26632762312633834,0.4633297644539614
GA,13175,Laurens County,15460,7820,23352,7640,0.6620417951353204,0.33487495717711546,0.3271668379582049
GA,13177,Lee County,12655,4957,17683,7698,0.7156591076174857,0.28032573658315896,0.4353333710343268
GA,13179,Liberty County,9441,13459,23028,-4018,0.40997915581031785,0.5844623936077818,-0.174483237797464
GA,13181,Lincoln County,3559,1351,4931,2208,0.7217602920300142,0.2739809369296289,0.44777935510038536
GA,13183,Long County,4557,2476,7056,2081,0.6458333333333334,0.35090702947845803,0.29492630385487534
GA,13185,Lowndes County,28081,19487,47795,8594,0.587530076367821,0.4077204728528089,0.17980960351501207
GA,13187,Lumpkin County,14339,3356,17808,10983,0.8051999101527404,0.18845462713387243,0.616745283018868
GA,13189,McDuffie County,6562,3937,10537,2625,0.6227579007307583,0.37363575970390056,0.24912214102685776
GA,13191,McIntosh County,4747,2628,7408,2119,0.64079373650108,0.3547516198704104,0.2860421166306696
GA,13193,Macon County,1916,2755,4686,-839,0.40887750746905677,0.5879214682031584,-0.17904396073410161
GA,13195,Madison County,12951,3753,16787,9198,0.7714898433311491,0.2235658545302913,0.5479239888008578
GA,13197,Marion County,2348,1253,3621,1095,0.6484396575531621,0.3460370063518365,0.30240265120132565
GA,13199,Meriwether County,7375,4373,11788,3002,0.6256362402443163,0.37097047845266373,0.25466576179165257
GA,13201,Miller County,2045,670,2724,1375,0.7507342143906021,0.2459618208516887,0.5047723935389133
GA,13205,Mitchell County,5150,3701,8877,1449,0.5801509518981638,0.4169201306747775,0.16323082122338628
GA,13207,Monroe County,12954,4689,17704,8265,0.7316990510619069,0.2648553999096249,0.466843651152282
GA,13209,Montgomery County,3033,927,3973,2106,0.7634029700478228,0.23332494336773218,0.5300780266800906
GA,13211,Morgan County,9589,3533,13181,6056,0.7274865336469161,0.2680373264547455,0.4594492071921706
GA,13213,Murray County,14965,2459,17468,12506,0.8567094114953057,0.14077169681703686,0.7159377146782688
GA,13215,Muscogee County,30616,49413,80491,-18797,0.3803655067026127,0.6138947211489483,-0.23352921444633556
GA,13217,Newton County,24893,33839,59051,-8946,0.4215508628135002,0.5730470271460263,-0.1514961643325261
GA,13219,Oconee County,18424,8620,27287,9804,0.6751933154982226,0.3159013449628028,0.3592919705354198
GA,13221,Oglethorpe County,6255,2515,8822,3740,0.709022897302199,0.2850827476762639,0.4239401496259351
GA,13223,Paulding County,58769,35802,95196,22967,0.6173473675364511,0.3760872305559057,0.24126013698054544
GA,13225,Peach County,7104,6293,13454,811,0.5280214062732272,0.46774193548387094,0.060279470789356304
GA,13227,Pickens County,17281,3522,20915,13759,0.8262491035142242,0.1683958881185752,0.657853215395649
GA,13229,Pierce County,8655,1089,9761,7566,0.886691937301506,0.11156643786497285,0.7751254994365331
GA,13231,Pike County,10864,1648,12549,9216,0.865726352697426,0.13132520519563312,0.7344011475017929
GA,13233,Polk County,15352,3749,19171,11603,0.800792864222002,0.19555578738719942,0.6052370768348025
GA,13235,Pulaski County,3036,1281,4336,1755,0.7001845018450185,0.29543357933579334,0.4047509225092251
GA,13237,Putnam County,9136,3696,12877,5440,0.7094820222101421,0.2870233750097072,0.4224586472004349
GA,13239,Quitman County,656,480,1140,176,0.5754385964912281,0.42105263157894735,0.15438596491228074
GA,13241,Rabun County,8151,2222,10423,5929,0.7820205315168378,0.2131823851098532,0.5688381464069846
GA,13243,Randolph County,1373,1601,2990,-228,0.4591973244147157,0.5354515050167225,-0.07625418060200673
GA,13245,Richmond County,26472,56657,83578,-30185,0.3167340687740793,0.677893704084807,-0.3611596353107277
GA,13247,Rockdale County,11711,33165,45160,-21454,0.25932240921169175,0.7343888396811338,-0.475066430469442
GA,13249,Schley County,1970,453,2428,1517,0.8113673805601318,0.18657331136738056,0.6247940691927513
GA,13251,Screven County,4325,2581,6920,1744,0.625,0.3729768786127168,0.2520231213872832
GA,13253,Seminole County,2811,1191,4007,1620,0.7015223359121537,0.29722984776640876,0.404292488145745
GA,13255,Spalding County,19184,13679,33038,5505,0.580664689145832,0.4140383800472184,0.16662630909861365
GA,13257,Stephens County,10632,2404,13099,8228,0.8116650125963814,0.18352545995877548,0.6281395526376059
GA,13259,Stewart County,847,1177,2028,-330,0.4176528599605523,0.5803747534516766,-0.16272189349112426
GA,13261,Sumter County,5869,6136,12049,-267,0.4870943646775666,0.5092538799900407,-0.022159515312474065
GA,13263,Talbot County,1483,1888,3379,-405,0.43888724474696655,0.5587451908848772,-0.11985794613791062
GA,13265,Taliaferro County,375,507,884,-132,0.4242081447963801,0.5735294117647058,-0.14932126696832576
GA,13267,Tattnall County,6515,1967,8512,4548,0.7653900375939849,0.23108552631578946,0.5343045112781954
GA,13269,Taylor County,2600,1366,3982,1234,0.6529382219989954,0.34304369663485684,0.3098945253641386
GA,13271,Telfair County,2930,1274,4214,1656,0.6953013763644993,0.3023255813953488,0.39297579496915047
GA,13273,Terrell County,2075,2253,4341,-178,0.47800046072333563,0.5190048375950241,-0.04100437687168851
GA,13275,Thomas County,13670,8347,22080,5323,0.6191123188405797,0.37803442028985507,0.24107789855072465
GA,13277,Tift County,11496,5438,16989,6058,0.6766731414444641,0.32008946965683677,0.35658367178762734
GA,13279,Toombs County,8208,2674,10912,5534,0.7521994134897361,0.24505131964809385,0.5071480938416422
GA,13281,Towns County,7155,1649,8838,5506,0.8095723014256619,0.1865806743607151,0.6229916270649468
GA,13283,Treutlen County,2250,864,3121,1386,0.7209227811598846,0.2768343479653957,0.44408843319448893
GA,13285,Troup County,19392,11757,31304,7635,0.6194735497061078,0.37557500638895985,0.24389854331714794
GA,13287,Turner County,2457,1365,3833,1092,0.6410122619358205,0.35611792329767805,0.28489433863814245
GA,13289,Twiggs County,2549,1895,4456,654,0.5720377019748654,0.4252692998204668,0.14676840215439857
GA,13291,Union County,14477,3309,17880,11168,0.809675615212528,0.18506711409395973,0.6246085011185682
GA,13293,Upson County,9528,4098,13662,5430,0.6974088713219148,0.29995608256477824,0.3974527887571365
GA,13295,Walker County,25462,6436,32086,19026,0.7935548214174406,0.20058592532568723,0.5929688960917534
GA,13297,Walton County,42407,15605,58376,26802,0.7264457996436892,0.2673187611347129,0.45912703850897624
GA,13299,Ware County,10279,4068,14392,6211,0.7142162312395776,0.28265703168426903,0.4315591995553085
GA,13301,Warren County,1232,1354,2592,-122,0.47530864197530864,0.5223765432098766,-0.047067901234567944
GA,13303,Washington County,4824,4643,9493,181,0.5081639102496577,0.48909722953755397,0.019066680712103712
GA,13305,Wayne County,10811,2708,13561,8103,0.797212594941376,0.19969028832681956,0.5975223066145564
GA,13307,Webster County,790,544,1336,246,0.5913173652694611,0.40718562874251496,0.18413173652694614
GA,13309,Wheeler County,1648,622,2276,1026,0.7240773286467487,0.273286467486819,0.45079086115992967
GA,13311,White County,14136,2609,16825,11527,0.8401783060921248,0.15506686478454682,0.6851114413075781
GA,13313,Whitfield County,28655,10953,39828,17702,0.7194687154765491,0.2750075323892739,0.4444611830872752
GA,13315,Wilcox County,2493,847,3347,1646,0.7448461308634599,0.2530624439796833,0.49178368688377655
GA,13317,Wilkes County,2971,2112,5098,859,0.5827775598273833,0.4142801098469988,0.16849744998038452
GA,13319,Wilkinson County,2888,2012,4908,876,0.5884270578647107,0.4099429502852486,0.17848410757946215
GA,13321,Worth County,6991,2300,9309,4691,0.750993662047481,0.2470727253195832,0.5039209367278978
HI,15001,Hawaii County,28699,52091,82698,-23392,0.3470337855812716,0.6298943142518562,-0.28286052867058453
HI,15003,Honolulu County,130205,203914,340225,-73709,0.38270262326401644,0.5993504298625909,-0.21664780659857447
HI,15007,Kauai County,11759,17641,29984,-5882,0.3921758271077908,0.5883471184631803,-0.19617129135538952
HI,15009,Maui County,22506,38738,62601,-16232,0.35951502372166577,0.6188080062618808,-0.25929298254021504
ID,16001,Ada County,143759,116116,267340,27643,0.5377384603875215,0.4343382958030972,0.1034001645844243
ID,16003,Adams County,2037,577,2679,1460,0.7603583426651735,0.21537887271369915,0.5449794699514744
ID,16005,Bannock County,24329,14306,39971,10023,0.6086662830552151,0.3579094843761727,0.2507567986790424
ID,16007,Bear Lake County,2908,346,3325,2562,0.8745864661654136,0.10406015037593985,0.7705263157894737
ID,16009,Benewah County,4094,935,5144,3159,0.7958786936236392,0.1817651632970451,0.6141135303265941
ID,16011,Bingham County,16188,3878,20643,12310,0.7841883447173376,0.18786029162427942,0.5963280530930581
ID,16013,Blaine County,4281,8424,13087,-4143,0.32711851455643004,0.6436922136471307,-0.31657369909070066
ID,16015,Boise County,3627,1065,4810,2562,0.754054054054054,0.22141372141372143,0.5326403326403326
ID,16017,Bonner County,21352,7650,29698,13702,0.7189709744763957,0.2575931039127214,0.4613778705636743
ID,16019,Bonneville County,40053,14458,56419,25595,0.7099204168808381,0.25626118860667507,0.453659228274163
ID,16021,Boundary County,5794,1145,7110,4649,0.8149085794655415,0.16104078762306612,0.6538677918424753
ID,16023,Butte County,1268,185,1494,1083,0.8487282463186078,0.12382864792503347,0.7248995983935743
ID,16025,Camas County,547,153,728,394,0.7513736263736264,0.21016483516483517,0.5412087912087912
ID,16027,Canyon County,72755,25669,101001,47086,0.7203394025801725,0.25414599855446973,0.46619340402570275
ID,16029,Caribou County,2906,445,3456,2461,0.8408564814814815,0.12876157407407407,0.7120949074074074
ID,16031,Cassia County,7959,1359,9557,6600,0.832792717379931,0.14219943496913257,0.6905932824107984
ID,16033,Clark County,280,50,333,230,0.8408408408408409,0.15015015015015015,0.6906906906906907
ID,16035,Clearwater County,3550,774,4418,2776,0.8035310095065641,0.1751923947487551,0.6283386147578089
ID,16037,Custer County,1998,586,2649,1412,0.7542468856172141,0.2212155530388826,0.5330313325783315
ID,16039,Elmore County,7791,2611,10672,5180,0.7300412293853074,0.24465892053973012,0.4853823088455772
ID,16041,Franklin County,6279,703,7184,5576,0.8740256124721604,0.09785634743875278,0.7761692650334076
ID,16043,Fremont County,5645,954,6803,4691,0.8297809789798618,0.1402322504777304,0.6895487285021313
ID,16045,Gem County,8707,1699,10620,7008,0.8198681732580038,0.15998116760828626,0.6598870056497175
ID,16047,Gooding County,4676,1100,5918,3576,0.7901318012842177,0.18587360594795538,0.6042581953362622
ID,16049,Idaho County,8148,1460,9858,6688,0.8265368228849665,0.14810306350172447,0.6784337593832421
ID,16051,Jefferson County,13481,1891,15819,11590,0.852203046968835,0.11953979391870535,0.7326632530501296
ID,16053,Jerome County,6012,1742,7945,4270,0.756702328508496,0.21925739458779106,0.5374449339207049
ID,16055,Kootenai County,72059,22113,96340,49946,0.7479655387170439,0.2295308283163795,0.5184347104006644
ID,16057,Latah County,10669,9039,20440,1630,0.5219667318982387,0.44222113502935423,0.0797455968688845
ID,16059,Lemhi County,3716,1038,4873,2678,0.7625692591832547,0.21301046583213626,0.5495587933511185
ID,16061,Lewis County,1503,306,1844,1197,0.8150759219088937,0.16594360086767895,0.6491323210412148
ID,16063,Lincoln County,1466,392,1917,1074,0.764736567553469,0.20448617631716223,0.5602503912363067
ID,16065,Madison County,13925,2767,17358,11158,0.8022237584975228,0.1594077658716442,0.6428159926258786
ID,16067,Minidoka County,6401,1373,7947,5028,0.8054611803196174,0.17276959859066315,0.6326915817289542
ID,16069,Nez Perce County,13707,5928,20132,7779,0.6808563481025234,0.2944565865289092,0.38639976157361416
ID,16071,Oneida County,2119,253,2457,1866,0.8624338624338624,0.10297110297110297,0.7594627594627594
ID,16073,Owyhee County,4101,756,4950,3345,0.8284848484848485,0.15272727272727274,0.6757575757575758
ID,16075,Payette County,9458,2064,11760,7394,0.8042517006802721,0.17551020408163265,0.6287414965986394
ID,16077,Power County,2146,785,3019,1361,0.7108314011262007,0.2600198741305068,0.4508115269956939
ID,16079,Shoshone County,4500,1472,6130,3028,0.734094616639478,0.2401305057096248,0.49396411092985315
ID,16081,Teton County,3005,3463,6698,-458,0.4486413854882054,0.5170200059719319,-0.06837862048372645
ID,16083,Twin Falls County,27302,9064,37371,18238,0.7305664820315217,0.24254100773326911,0.4880254742982526
ID,16085,Valley County,4214,2869,7240,1345,0.5820441988950277,0.3962707182320442,0.1857734806629835
ID,16087,Washington County,4429,1010,5553,3419,0.7975868899693859,0.18188366648658383,0.615703223482802
IL,17001,Adams County,23139,8081,31691,15058,0.7301442049793316,0.2549935312864851,0.4751506736928465
IL,17003,Alexander County,1340,903,2269,437,0.5905685323931247,0.39797267518730717,0.1925958572058175
IL,17005,Bond County,5689,2109,7969,3580,0.7138913288994855,0.2646505207679759,0.4492408081315096
IL,17007,Boone County,13615,10070,24065,3545,0.5657594016206109,0.4184500311655932,0.14730937045501769
IL,17009,Brown County,1938,467,2455,1471,0.7894093686354379,0.19022403258655804,0.5991853360488798
IL,17011,Bureau County,9658,5706,15665,3952,0.6165336737950846,0.364251516118736,0.2522821576763486
IL,17013,Calhoun County,2054,560,2675,1494,0.7678504672897196,0.20934579439252338,0.5585046728971963
IL,17015,Carroll County,5071,2594,7818,2477,0.6486313635200819,0.3317984139166027,0.3168329496034792
IL,17017,Cass County,3712,1438,5241,2274,0.7082617821026521,0.27437511925205116,0.43388666285060096
IL,17019,Champaign County,32630,52798,86738,-20168,0.37619036639073994,0.6087066798865549,-0.23251631349581497
IL,17021,Christian County,11278,4026,15534,7252,0.7260203424745719,0.25917342603321747,0.46684691644135445
IL,17023,Clark County,6124,1922,8192,4202,0.74755859375,0.234619140625,0.512939453125
IL,17025,Clay County,5602,1050,6754,4552,0.8294344092389695,0.15546342907906427,0.6739709801599052
IL,17027,Clinton County,14407,4447,19215,9960,0.7497788186312776,0.23143377569607076,0.5183450429352068
IL,17029,Coles County,13595,7471,21432,6124,0.6343318402388951,0.34859089212392685,0.28574094811496825
IL,17031,Cook County,583738,1447655,2056511,-863917,0.2838487126983517,0.7039373968823897,-0.42008868418403794
IL,17033,Crawford County,6723,2042,8917,4681,0.753953123247729,0.22900078501738252,0.5249523382303465
IL,17035,Cumberland County,4622,1057,5760,3565,0.8024305555555555,0.18350694444444443,0.6189236111111112
IL,17037,DeKalb County,22716,23648,47186,-932,0.4814139787225024,0.5011655999660917,-0.019751621243589257
IL,17039,De Witt County,5529,2058,7736,3471,0.7147104446742503,0.266028955532575,0.44868148914167527
IL,17041,Douglas County,6067,2195,8391,3872,0.723036586819211,0.2615897985937314,0.46144678822547963
IL,17043,DuPage County,191243,251164,449660,-59921,0.4253057865943157,0.5585642485433439,-0.13325846194902813
IL,17045,Edgar County,5944,1813,7890,4131,0.7533586818757921,0.22978453738910012,0.523574144486692
IL,17047,Edwards County,2792,455,3284,2337,0.8501827040194885,0.13855054811205847,0.71163215590743
IL,17049,Effingham County,15097,3604,19022,11493,0.7936599726632321,0.18946483019661445,0.6041951424666177
IL,17051,Fayette County,7847,1632,9601,6215,0.8173106968024164,0.1699822935110926,0.6473284032913238
IL,17053,Ford County,4767,1636,6527,3131,0.73035085031408,0.2506511414125938,0.47969970890148617
IL,17055,Franklin County,13161,4240,17629,8921,0.7465539735662828,0.2405127914232231,0.5060411821430597
IL,17057,Fulton County,9810,5970,16109,3840,0.6089763486249923,0.3706002855546589,0.23837606307033338
IL,17059,Gallatin County,1920,558,2523,1362,0.760998810939358,0.2211652794292509,0.539833531510107
IL,17061,Greene County,4716,1216,6046,3500,0.7800198478332782,0.20112471055243136,0.5788951372808468
IL,17063,Grundy County,16927,9045,26367,7882,0.6419767133158872,0.34304243941290247,0.29893427390298477
IL,17065,Hamilton County,3380,738,4175,2642,0.8095808383233533,0.17676646706586827,0.632814371257485
IL,17067,Hancock County,5220,1310,6662,3910,0.7835484839387571,0.1966376463524467,0.5869108375863104
IL,17069,Hardin County,1546,356,1924,1190,0.8035343035343036,0.18503118503118504,0.6185031185031185
IL,17071,Henderson County,2369,1025,3461,1344,0.6844842531060387,0.2961571800057787,0.38832707310026
IL,17073,Henry County,15359,9226,25062,6133,0.612840156412098,0.3681270449285771,0.24471311148352087
IL,17075,Iroquois County,10364,2742,13290,7622,0.7798344620015049,0.20632054176072234,0.5735139202407825
IL,17077,Jackson County,10558,11268,22145,-710,0.47676676450666067,0.508828177918266,-0.03206141341160529
IL,17079,Jasper County,4446,910,5416,3536,0.8209010339734121,0.16802067946824226,0.6528803545051698
IL,17081,Jefferson County,12178,4226,16614,7952,0.7329962682075358,0.2543637895750572,0.47863247863247865
IL,17083,Jersey County,8677,2807,11675,5870,0.7432119914346895,0.24042826552462526,0.5027837259100643
IL,17085,Jo Daviess County,7107,5013,12317,2094,0.5770073881627019,0.4069984574165787,0.17000893074612322
IL,17087,Johnson County,4798,1241,6103,3557,0.7861707357037523,0.20334261838440112,0.5828281173193511
IL,17089,Kane County,99260,120077,222364,-20817,0.4463852062384199,0.5400019787375654,-0.09361677249914552
IL,17091,Kankakee County,28285,18399,47515,9886,0.5952856992528676,0.3872250868146901,0.20806061243817747
IL,17093,Kendall County,31970,32977,65970,-1007,0.48461421858420495,0.4998787327573139,-0.015264514173108978
IL,17095,Knox County,11804,9630,21834,2174,0.5406247137491985,0.44105523495465787,0.09956947879454064
IL,17097,Lake County,120402,184642,309323,-64240,0.3892436061980519,0.5969229575556942,-0.20767935135764237
IL,17099,LaSalle County,30211,20172,51051,10039,0.5917807682513565,0.3951342774872187,0.19664649076413782
IL,17101,Lawrence County,4715,1282,6102,3433,0.7726974762372992,0.2100950508030154,0.5626024254342838
IL,17103,Lee County,9654,6055,16012,3599,0.6029228078940795,0.3781538845865601,0.2247689233075194
IL,17105,Livingston County,11926,4269,16448,7657,0.7250729571984436,0.25954523346303504,0.4655277237354085
IL,17107,Logan County,8691,3485,12430,5206,0.699195494770716,0.2803700724054706,0.41882542236524534
IL,17109,McDonough County,6987,4736,11940,2251,0.5851758793969849,0.3966499162479062,0.1885259631490787
IL,17111,McHenry County,83933,75370,161699,8563,0.5190693819998887,0.4661129629744154,0.05295641902547332
IL,17113,McLean County,40051,44102,85504,-4051,0.4684108345808383,0.5157887350299402,-0.04737790044910184
IL,17115,Macon County,26507,17929,45088,8578,0.5878947835344216,0.39764460610361957,0.19025017743080203
IL,17117,Macoupin County,16023,6867,23334,9156,0.6866803805605554,0.29429159166880947,0.3923887888917459
IL,17119,Madison County,73723,55971,132013,17752,0.5584525766401793,0.42398097157098164,0.1344716050691977
IL,17121,Marion County,12409,4116,16756,8293,0.7405705418954405,0.24564335163523515,0.4949271902602053
IL,17123,Marshall County,4119,1911,6125,2208,0.6724897959183673,0.312,0.36048979591836733
IL,17125,Mason County,4464,1773,6371,2691,0.700674933291477,0.2782922618113326,0.4223826714801444
IL,17127,Massac County,4936,1678,6668,3258,0.740251949610078,0.2516496700659868,0.4886022795440912
IL,17129,Menard County,4495,1828,6413,2667,0.7009200062373304,0.2850460003118665,0.4158740059254639
IL,17131,Mercer County,5210,2946,8335,2264,0.6250749850029994,0.35344931013797243,0.271625674865027
IL,17133,Monroe County,14009,6420,20786,7589,0.6739632444914847,0.3088617338593284,0.3651015106321563
IL,17135,Montgomery County,9370,3556,13162,5814,0.711897887858988,0.2701717064275946,0.4417261814313934
IL,17137,Morgan County,9555,4754,14498,4801,0.6590564215753897,0.3279072975582839,0.3311491240171058
IL,17139,Moultrie County,4816,1615,6523,3201,0.7383105932852981,0.2475854668097501,0.490725126475548
IL,17141,Ogle County,16389,8796,25591,7593,0.6404204603180805,0.3437145871595483,0.29670587315853225
IL,17143,Peoria County,36896,40564,78731,-3668,0.4686337020995542,0.5152227204023828,-0.04658901830282863
IL,17145,Perry County,6894,2091,9128,4803,0.7552585451358458,0.22907537248028045,0.5261831726555654
IL,17147,Piatt County,6084,3183,9454,2901,0.6435371271419505,0.3366828855510895,0.30685424159086105
IL,17149,Pike County,6086,1302,7506,4784,0.8108180122568612,0.17346123101518784,0.6373567812416734
IL,17151,Pope County,1698,416,2132,1282,0.7964352720450282,0.1951219512195122,0.6013133208255159
IL,17153,Pulaski County,1579,767,2371,812,0.6659637283846478,0.32349219738506957,0.3424715309995782
IL,17155,Putnam County,2010,1253,3326,757,0.6043295249549008,0.37672880336740827,0.2276007215874925
IL,17157,Randolph County,10645,3469,14361,7176,0.7412436459856556,0.2415569946382564,0.4996866513473992
IL,17159,Richland County,5886,1744,7736,4142,0.7608583247156153,0.22543950361944157,0.5354188210961738
IL,17161,Rock Island County,28037,34085,63201,-6048,0.4436163984747077,0.5393110868498916,-0.09569468837518391
IL,17163,St. Clair County,54018,63375,119594,-9357,0.45167817783500847,0.5299178888573005,-0.07823971102229205
IL,17165,Saline County,7827,2629,10594,5198,0.7388144232584481,0.2481593354729092,0.49065508778553896
IL,17167,Sangamon County,50979,46074,98845,4905,0.515746876422682,0.4661237290707674,0.04962314735191464
IL,17169,Schuyler County,2718,958,3751,1760,0.7246067715275927,0.25539856038389763,0.46920821114369504
IL,17171,Scott County,2070,488,2586,1582,0.8004640371229699,0.18870843000773396,0.6117556071152359
IL,17173,Shelby County,9267,2240,11664,7027,0.7944958847736625,0.19204389574759945,0.6024519890260631
IL,17175,Stark County,1982,725,2760,1257,0.7181159420289855,0.26268115942028986,0.4554347826086957
IL,17177,Stephenson County,12328,8257,20925,4071,0.5891517323775388,0.39459976105137395,0.19455197132616486
IL,17179,Tazewell County,42451,24325,67966,18126,0.6245917076185151,0.35789953800429625,0.2666921696142189
IL,17181,Union County,5835,2280,8217,3555,0.7101131799926981,0.27747353048557866,0.4326396495071194
IL,17183,Vermilion County,19768,9226,29472,10542,0.6707383279044516,0.313042888165038,0.35769543973941365
IL,17185,Wabash County,4089,1197,5368,2892,0.761736214605067,0.22298807749627422,0.5387481371087928
IL,17187,Warren County,4244,2037,6382,2207,0.6649952992792229,0.3191789407709182,0.34581635850830467
IL,17189,Washington County,5890,1557,7552,4333,0.7799258474576272,0.20617055084745764,0.5737552966101696
IL,17191,Wayne County,7011,1151,8255,5860,0.8493034524530587,0.1394306480920654,0.7098728043609933
IL,17193,White County,5586,1388,7062,4198,0.7909940526762956,0.19654488813367318,0.5944491645426224
IL,17195,Whiteside County,14871,10990,26378,3881,0.5637652589278944,0.41663507468344835,0.14713018424444607
IL,17197,Will County,157672,162874,324971,-5202,0.4851879090749636,0.5011954912899921,-0.01600758221502846
IL,17199,Williamson County,22639,9827,32884,12812,0.6884503101812431,0.2988383408344484,0.38961196934679476
IL,17201,Winnebago County,59257,59942,121048,-685,0.489533077787324,0.4951919899543983,-0.005658912167074259
IL,17203,Woodford County,14813,5939,21070,8874,0.7030374940673944,0.28186995728523967,0.4211675367821547
IN,18001,Adams County,10522,3175,13948,7347,0.7543733868655005,0.227631201605965,0.5267421852595355
IN,18003,Allen County,90273,69941,162950,20332,0.5539920220926665,0.42921755139613377,0.12477447069653275
IN,18005,Bartholomew County,22215,12520,35454,9695,0.626586562870198,0.3531336379534044,0.27345292491679357
IN,18007,Benton County,2870,1010,3951,1860,0.7263983801569223,0.2556314856998228,0.47076689445709946
IN,18009,Blackford County,3806,1227,5130,2579,0.7419103313840156,0.2391812865497076,0.502729044834308
IN,18011,Boone County,22840,16425,40060,6415,0.5701447828257613,0.41000998502246633,0.16013479780329498
IN,18013,Brown County,5632,2826,8606,2806,0.6544271438531257,0.3283755519405066,0.3260515919126191
IN,18015,Carroll County,6897,2119,9171,4778,0.7520444880601898,0.23105441064224186,0.5209900774179479
IN,18017,Cass County,10279,3721,14200,6558,0.7238732394366197,0.26204225352112676,0.461830985915493
IN,18019,Clark County,32281,21284,54509,10997,0.5922141297767342,0.3904676291988479,0.20174650057788623
IN,18021,Clay County,9354,2495,12050,6859,0.7762655601659751,0.2070539419087137,0.5692116182572614
IN,18023,Clinton County,9100,3133,12433,5967,0.7319231078581195,0.2519906699911526,0.47993243786696693
IN,18025,Crawford County,3668,1235,5011,2433,0.7319896228297745,0.24645779285571742,0.4855318299740571
IN,18027,Daviess County,9322,1963,11445,7359,0.8145041502839668,0.17151594582787244,0.6429882044560944
IN,18029,Dearborn County,20832,5327,26567,15505,0.7841306884480747,0.20051191327586856,0.5836187751722061
IN,18031,Decatur County,9491,2406,12111,7085,0.7836677400710098,0.19866237304929402,0.5850053670217158
IN,18033,DeKalb County,14376,5062,19782,9314,0.7267212617531089,0.2558891921949247,0.47083206955818424
IN,18035,Delaware County,26057,18840,45718,7217,0.5699505665164706,0.41209151756419793,0.15785904895227265
IN,18037,Dubois County,14983,5944,21406,9039,0.6999439409511352,0.2776791553769971,0.4222647855741381
IN,18039,Elkhart County,45233,22671,68853,22562,0.6569503144380056,0.3292666986187966,0.32768361581920896
IN,18041,Fayette County,7625,2084,9838,5541,0.7750559056718845,0.2118316731042895,0.563224232567595
IN,18043,Floyd County,23386,17014,41111,6372,0.568850186081584,0.4138551725815475,0.15499501350003647
IN,18045,Fountain County,6301,1522,7967,4779,0.7908874105685955,0.19103803188151122,0.5998493786870842
IN,18047,Franklin County,9810,2061,12032,7749,0.8153257978723404,0.1712932180851064,0.6440325797872339
IN,18049,Fulton County,6633,2097,8851,4536,0.7494068466839905,0.23692238165179075,0.5124844650321998
IN,18051,Gibson County,11885,3721,15885,8164,0.7481901164620711,0.23424614416115833,0.5139439723009128
IN,18053,Grant County,17525,7036,25031,10489,0.7001318365227118,0.28109144660620833,0.4190403899165035
IN,18055,Greene County,11132,3270,14633,7862,0.7607462584569125,0.22346750495455478,0.5372787535023577
IN,18057,Hamilton County,102296,90366,196391,11930,0.5208792663614932,0.4601331018223849,0.06074616453910825
IN,18059,Hancock County,29273,14288,44392,14985,0.6594206163272662,0.32185979455757796,0.33756082176968827
IN,18061,Harrison County,14808,5221,20405,9587,0.7257044841950502,0.25586865964224453,0.46983582455280565
IN,18063,Hendricks County,49770,31895,83081,17875,0.5990539353161373,0.383902456638702,0.21515147867743528
IN,18065,Henry County,15018,5206,20574,9812,0.7299504228638087,0.2530378147176047,0.476912608146204
IN,18067,Howard County,25148,11921,37747,13227,0.6662251304739449,0.3158131772061356,0.35041195326780933
IN,18069,Huntington County,12990,4416,17720,8574,0.7330699774266366,0.2492099322799097,0.48386004514672687
IN,18071,Jackson County,14430,4035,18783,10395,0.7682478837246446,0.21482191343235904,0.5534259702922856
IN,18073,Jasper County,12082,3489,15821,8593,0.7636685418115163,0.2205296757474243,0.543138866064092
IN,18075,Jay County,6217,1747,8102,4470,0.76734139718588,0.21562577141446557,0.5517156257714144
IN,18077,Jefferson County,9614,4442,14325,5172,0.6711343804537522,0.310087260034904,0.3610471204188482
IN,18079,Jennings County,9271,2328,11807,6943,0.7852121622766156,0.19717116964512577,0.5880409926314898
IN,18081,Johnson County,51575,24869,77770,26706,0.6631734602031631,0.31977626334061976,0.3433971968625434
IN,18083,Knox County,11236,3625,15105,7611,0.743859649122807,0.2399867593512082,0.5038728897715988
IN,18085,Kosciusko County,26171,7979,34797,18192,0.7521050665287238,0.2293013765554502,0.5228036899732735
IN,18087,LaGrange County,8073,2162,10408,5911,0.7756533435818601,0.20772482705611067,0.5679285165257495
IN,18089,Lake County,97207,108989,209245,-11782,0.4645606824535831,0.5208678821477216,-0.0563071996941385
IN,18091,LaPorte County,26546,19781,47118,6765,0.563394032004754,0.41981832845197165,0.14357570355278237
IN,18093,Lawrence County,15821,5003,21193,10818,0.7465200773840419,0.2360685131883169,0.510451564195725
IN,18095,Madison County,34813,19807,55673,15006,0.62531209024123,0.35577389398810916,0.26953819625312087
IN,18097,Marion County,124191,221419,351471,-97228,0.35334636428041005,0.6299780067203269,-0.27663164243991684
IN,18099,Marshall County,13829,5354,19530,8475,0.7080901177675372,0.27414234511008706,0.4339477726574501
IN,18101,Martin County,3959,933,4985,3026,0.7941825476429288,0.1871614844533601,0.6070210631895687
IN,18103,Miami County,10670,3046,13977,7624,0.7633970093725406,0.2179294555340917,0.5454675538384489
IN,18105,Monroe County,20980,37180,59042,-16200,0.35534026625114323,0.6297212154059821,-0.2743809491548389
IN,18107,Montgomery County,12115,4130,16561,7985,0.7315379506068475,0.24938107602197934,0.4821568745848681
IN,18109,Morgan County,26963,7764,35337,19199,0.7630245917876447,0.21971304864589525,0.5433115431417495
IN,18111,Newton County,5131,1368,6599,3763,0.7775420518260342,0.2073041369904531,0.5702379148355811
IN,18113,Noble County,14209,4462,18962,9747,0.7493407868368316,0.23531273072460712,0.5140280561122245
IN,18115,Ohio County,2381,666,3091,1715,0.7703008735037205,0.21546425105143965,0.5548366224522808
IN,18117,Orange County,6467,1988,8590,4479,0.7528521536670547,0.23143189755529686,0.5214202561117578
IN,18119,Owen County,7344,2337,9842,5007,0.7461897988213778,0.23745173745173745,0.5087380613696404
IN,18121,Parke County,5157,1371,6652,3786,0.7752555622369213,0.2061034275405893,0.569152134696332
IN,18123,Perry County,5544,2966,8657,2578,0.6404066073697586,0.3426129144045281,0.2977936929652305
IN,18125,Pike County,4609,1314,6008,3295,0.7671438082556591,0.21870838881491345,0.5484354194407457
IN,18127,Porter County,46037,37126,84714,8911,0.5434402814174752,0.4382510564959747,0.10518922492150057
IN,18129,Posey County,9205,3569,12968,5636,0.7098241826033312,0.27521591610117213,0.4346082665021591
IN,18131,Pulaski County,4368,1280,5757,3088,0.7587285044293903,0.22233802327601182,0.5363904811533785
IN,18133,Putnam County,12566,3871,16731,8695,0.7510609049070588,0.23136692367461598,0.5196939812324428
IN,18135,Randolph County,8008,2349,10547,5659,0.7592680383047312,0.22271736038683987,0.5365506779178913
IN,18137,Ripley County,11526,2682,14384,8844,0.8013070077864294,0.1864571746384872,0.6148498331479422
IN,18139,Rush County,5812,1675,7655,4137,0.7592423252775964,0.21881123448726322,0.5404310907903331
IN,18141,St. Joseph County,53546,55171,110334,-1625,0.48530824587162613,0.5000362535573804,-0.014728007685754219
IN,18143,Scott County,7629,2387,10181,5242,0.7493370002946665,0.23445634024162657,0.51488066005304
IN,18145,Shelby County,14438,4955,19754,9483,0.7308899463399817,0.25083527386858356,0.48005467247139816
IN,18147,Spencer County,7361,2852,10422,4509,0.7062943772788333,0.2736518902322011,0.43264248704663216
IN,18149,Starke County,7879,2433,10465,5446,0.7528905876731964,0.23248924988055422,0.5204013377926422
IN,18151,Steuben County,11484,4957,16710,6527,0.6872531418312388,0.29664871334530224,0.3906044284859365
IN,18153,Sullivan County,6639,2006,8792,4633,0.7551182893539582,0.22816196542311193,0.5269563239308462
IN,18155,Switzerland County,3319,873,4257,2446,0.779657035470989,0.20507399577167018,0.5745830396993188
IN,18157,Tippecanoe County,32769,32666,66727,103,0.4910905630404484,0.4895469600011989,0.001543603039249497
IN,18159,Tipton County,5946,1893,7976,4053,0.7454864593781344,0.2373370110330993,0.5081494483450351
IN,18161,Union County,2698,744,3491,1954,0.7728444571755944,0.21311945001432253,0.5597250071612718
IN,18163,Vanderburgh County,41012,31664,73685,9348,0.5565854651557305,0.42972111013096287,0.12686435502476762
IN,18165,Vermillion County,5174,1928,7256,3246,0.7130650496141124,0.2657111356119074,0.44735391400220503
IN,18167,Vigo County,23731,16327,40859,7404,0.5808022712254338,0.3995937247607626,0.18120854646467122
IN,18169,Wabash County,10422,3332,13949,7090,0.7471503333572299,0.23887016990465265,0.5082801634525773
IN,18171,Warren County,3402,898,4370,2504,0.7784897025171624,0.20549199084668193,0.5729977116704805
IN,18173,Warrick County,21278,11290,33078,9988,0.6432674285023279,0.34131446883124733,0.30195295967108055
IN,18175,Washington County,9737,2763,12719,6974,0.7655476059438635,0.21723405928139006,0.5483135466624734
IN,18177,Wayne County,16741,8389,25559,8352,0.6549943268515983,0.328220978911538,0.3267733479400603
IN,18179,Wells County,11004,2850,14098,8154,0.7805362462760675,0.20215633423180593,0.5783799120442616
IN,18181,White County,7969,2945,11162,5024,0.7139401540942484,0.2638416054470525,0.4500985486471959
IN,18183,Whitley County,13122,4275,17726,8847,0.7402685320997405,0.24117116100643124,0.4990973710933093
IA,19001,Adair County,2916,1086,4064,1830,0.71751968503937,0.2672244094488189,0.4502952755905511
IA,19003,Adams County,1517,576,2131,941,0.7118723603941811,0.2702956358517128,0.4415767245424683
IA,19005,Allamakee County,4857,2350,7303,2507,0.6650691496645215,0.3217855675749692,0.3432835820895523
IA,19007,Appanoose County,4704,1690,6470,3014,0.727047913446677,0.26120556414219476,0.4658423493044822
IA,19009,Audubon County,2214,970,3239,1244,0.6835443037974683,0.2994751466502007,0.38406915714726764
IA,19011,Benton County,9549,4739,14470,4810,0.6599170697995853,0.3275051831375259,0.3324118866620594
IA,19013,Black Hawk County,30572,31299,62653,-727,0.48795748008874273,0.4995610744896493,-0.01160359440090658
IA,19015,Boone County,9199,5895,15346,3304,0.5994395933793822,0.38413918936530694,0.2153004040140753
IA,19017,Bremer County,8799,5571,14556,3228,0.6044929925803793,0.38272877164056057,0.22176422093981868
IA,19019,Buchanan County,6790,3766,10714,3024,0.6337502333395557,0.35150270673884637,0.28224752660070934
IA,19021,Buena Vista County,4962,2462,7516,2500,0.6601915912719531,0.3275678552421501,0.33262373602980305
IA,19023,Butler County,5784,2144,8027,3640,0.7205680827208173,0.26709854241933473,0.45346954030148257
IA,19025,Calhoun County,3708,1328,5093,2380,0.7280581189868447,0.2607500490869821,0.46730806989986257
IA,19027,Carroll County,7814,3153,11120,4661,0.7026978417266188,0.2835431654676259,0.41915467625899283
IA,19029,Cass County,5007,2077,7195,2930,0.6958999305072967,0.2886726893676164,0.4072272411396803
IA,19031,Cedar County,6390,4075,10624,2315,0.6014683734939759,0.3835655120481928,0.21790286144578308
IA,19033,Cerro Gordo County,12604,9949,22992,2655,0.5481906750173974,0.43271572720946416,0.11547494780793321
IA,19035,Cherokee County,4398,1611,6089,2787,0.7222860896698965,0.26457546395138776,0.45771062571850873
IA,19037,Chickasaw County,4234,1919,6230,2315,0.6796147672552167,0.30802568218298554,0.3715890850722312
IA,19039,Clarke County,3140,1265,4459,1875,0.7041937654182552,0.2836958959407939,0.42049786947746126
IA,19041,Clay County,6047,2367,8514,3680,0.710241954428001,0.27801268498942916,0.4322292694385718
IA,19043,Clayton County,6255,3017,9381,3238,0.6667732651103294,0.32160750453043385,0.34516576057989556
IA,19045,Clinton County,13964,9472,23813,4492,0.5864023852517533,0.39776592617477846,0.1886364590769748
IA,19047,Crawford County,4651,1812,6525,2839,0.7127969348659003,0.27770114942528734,0.435095785440613
IA,19049,Dallas County,32374,29402,62633,2972,0.5168840706975556,0.4694330464770967,0.04745102422045888
IA,19051,Davis County,3027,878,3950,2149,0.7663291139240507,0.22227848101265824,0.5440506329113924
IA,19053,Decatur County,2711,957,3727,1754,0.7273946874161524,0.2567748859672659,0.47061980144888654
IA,19055,Delaware County,6984,2978,10112,4006,0.6906645569620253,0.294501582278481,0.39616297468354433
IA,19057,Des Moines County,10794,7935,18998,2859,0.5681650700073692,0.41767554479418884,0.15048952521318032
IA,19059,Dickinson County,7775,3297,11192,4478,0.6946926375982845,0.29458541815582556,0.4001072194424589
IA,19061,Dubuque County,28224,23705,52566,4519,0.5369250085606666,0.45095689228779057,0.08596811627287604
IA,19063,Emmet County,3422,1315,4786,2107,0.7150020894274969,0.2747597158378604,0.44024237358963647
IA,19065,Fayette County,6325,3334,9817,2991,0.6442905164510543,0.3396149536518285,0.3046755627992258
IA,19067,Floyd County,4744,2782,7625,1962,0.6221639344262295,0.36485245901639346,0.25731147540983607
IA,19069,Franklin County,3431,1393,4885,2038,0.7023541453428864,0.2851586489252815,0.41719549641760495
IA,19071,Fremont County,2711,1023,3785,1688,0.7162483487450463,0.2702774108322325,0.4459709379128138
IA,19073,Greene County,3211,1603,4874,1608,0.6588018054985638,0.32888797702092737,0.32991382847763645
IA,19075,Grundy County,4998,2019,7131,2979,0.7008834665544804,0.2831299957930164,0.417753470761464
IA,19077,Guthrie County,4446,1974,6514,2472,0.6825299355234878,0.303039607000307,0.3794903285231808
IA,19079,Hamilton County,5004,2482,7573,2522,0.6607685197411858,0.3277432985606761,0.3330252211805097
IA,19081,Hancock County,4336,1523,5933,2813,0.7308275745828418,0.2566998145963256,0.47412775998651613
IA,19083,Hardin County,5790,2553,8434,3237,0.6865069954944273,0.30270334360920087,0.3838036518852264
IA,19085,Harrison County,5566,2245,7938,3321,0.7011841773746535,0.2828168304358781,0.4183673469387755
IA,19087,Henry County,6439,2995,9574,3444,0.6725506580321705,0.3128264048464592,0.35972425318571133
IA,19089,Howard County,3157,1619,4837,1538,0.6526772793053546,0.3347115980979946,0.31796568120735996
IA,19091,Humboldt County,3770,1236,5067,2534,0.7440299980264456,0.24393132030787448,0.5000986777185712
IA,19093,Ida County,2771,826,3642,1945,0.7608456891817683,0.22679846238330587,0.5340472267984624
IA,19095,Iowa County,6607,3400,10156,3207,0.6505513981882631,0.33477747144545095,0.3157739267428122
IA,19097,Jackson County,7074,3567,10782,3507,0.656093489148581,0.3308291597106288,0.3252643294379522
IA,19099,Jasper County,12701,7141,20149,5560,0.6303538637153209,0.35440964812149484,0.27594421559382604
IA,19101,Jefferson County,4353,3788,8317,565,0.5233858362390285,0.4554526872670434,0.06793314897198505
IA,19103,Johnson County,26087,58846,86068,-32759,0.30309755077380673,0.683715201933355,-0.38061765115954826
IA,19105,Jones County,6820,3942,10949,2878,0.6228879349712303,0.36003287971504244,0.26285505525618785
IA,19107,Keokuk County,3869,1219,5142,2650,0.7524309607156748,0.23706728899260987,0.515363671723065
IA,19109,Kossuth County,5983,2284,8376,3699,0.7143027698185291,0.272683858643744,0.44161891117478513
IA,19111,Lee County,10148,5673,16164,4475,0.6278148973026478,0.35096510764662214,0.2768497896560257
IA,19113,Linn County,54237,66358,122369,-12121,0.4432249997956999,0.5422778644918239,-0.09905286469612401
IA,19115,Louisa County,3584,1480,5136,2104,0.6978193146417445,0.2881619937694704,0.40965732087227413
IA,19117,Lucas County,3400,1169,4639,2231,0.7329165768484587,0.25199396421642595,0.48092261263203273
IA,19119,Lyon County,5899,1023,6984,4876,0.8446449026345934,0.14647766323024056,0.6981672394043528
IA,19121,Madison County,6864,3008,9995,3856,0.6867433716858429,0.3009504752376188,0.38579289644822407
IA,19123,Mahaska County,8207,2577,10910,5630,0.7522456461961503,0.23620531622364804,0.5160403299725023
IA,19125,Marion County,13289,5928,19490,7361,0.681836839404823,0.30415597742432016,0.3776808619805028
IA,19127,Marshall County,9815,7134,17217,2681,0.5700760875878492,0.41435790207353196,0.15571818551431726
IA,19129,Mills County,5671,2456,8223,3215,0.6896509789614496,0.29867444971421625,0.3909765292472333
IA,19131,Mitchell County,3736,1943,5757,1793,0.6489491054368595,0.33750217126975857,0.3114469341671009
IA,19133,Monona County,3331,1236,4616,2095,0.7216204506065858,0.26776429809358754,0.4538561525129982
IA,19135,Monroe County,3104,1002,4146,2102,0.7486734201640135,0.24167872648335745,0.5069946936806561
IA,19137,Montgomery County,3486,1508,5061,1978,0.6887966804979253,0.29796482908516103,0.3908318514127643
IA,19139,Muscatine County,11152,8212,19695,2940,0.5662350850469662,0.41695861893881697,0.1492764661081492
IA,19141,O'Brien County,5998,1428,7501,4570,0.7996267164378082,0.19037461671777095,0.6092520997200372
IA,19143,Osceola County,2623,555,3219,2068,0.8148493320907114,0.1724137931034483,0.6424355389872631
IA,19145,Page County,5153,2060,7297,3093,0.706180622173496,0.2823077977250925,0.42387282444840346
IA,19147,Palo Alto County,3576,1338,4976,2238,0.7186495176848875,0.26889067524115756,0.44975884244372993
IA,19149,Plymouth County,10661,3104,13931,7557,0.7652716962170698,0.22281243270404136,0.5424592635130284
IA,19151,Pocahontas County,2727,796,3573,1931,0.7632241813602015,0.22278197593059054,0.540442205429611
IA,19153,Polk County,112240,140075,255563,-27835,0.43918720628572994,0.5481035987212547,-0.10891639243552476
IA,19155,Pottawattamie County,26335,17468,44411,8867,0.5929837202494878,0.3933259777982932,0.19965774245119455
IA,19157,Poweshiek County,5758,4067,9971,1691,0.5774746765620299,0.4078828602948551,0.1695918162671748
IA,19159,Ringgold County,2015,638,2683,1377,0.7510249720462169,0.23779351472232577,0.5132314573238911
IA,19161,Sac County,4100,1289,5448,2811,0.7525697503671072,0.2366005873715125,0.5159691629955947
IA,19163,Scott County,45976,42479,89743,3497,0.5123073665912662,0.4733405390949712,0.03896682749629499
IA,19165,Shelby County,4600,1811,6486,2789,0.7092198581560284,0.2792167745914277,0.4300030835646007
IA,19167,Sioux County,16053,2626,18881,13427,0.8502197976802076,0.1390816164398072,0.7111381812404004
IA,19169,Story County,21665,26765,49200,-5100,0.4403455284552846,0.5440040650406504,-0.10365853658536578
IA,19171,Tama County,5379,3070,8594,2309,0.6259017919478707,0.35722597160809866,0.268675820339772
IA,19173,Taylor County,2381,666,3078,1715,0.7735542560103964,0.21637426900584794,0.5571799870045484
IA,19175,Union County,4044,1874,5996,2170,0.6744496330887259,0.3125416944629753,0.36190793862575055
IA,19177,Van Buren County,2785,778,3622,2007,0.7689122032026505,0.21479845389287686,0.5541137493097736
IA,19179,Wapello County,9479,4896,14571,4583,0.6505387413355295,0.33600988264360715,0.3145288586919223
IA,19181,Warren County,19486,12712,32662,6774,0.5965954320004898,0.3891984569224175,0.2073969750780723
IA,19183,Washington County,7119,4297,11551,2822,0.6163102761665656,0.3720024240325513,0.24430785213401435
IA,19185,Wayne County,2426,643,3119,1783,0.7778134017313242,0.2061558191728118,0.5716575825585124
IA,19187,Webster County,10850,5641,16706,5209,0.649467257272836,0.33766311504848556,0.3118041422243505
IA,19189,Winnebago County,3636,1909,5627,1727,0.6461702505775724,0.3392571530122623,0.3069130975653101
IA,19191,Winneshiek County,6427,5321,11927,1106,0.5388614068919259,0.44613062798692044,0.09273077890500542
IA,19193,Woodbury County,25969,16145,42674,9824,0.608543844026808,0.3783334114449079,0.23021043258190005
IA,19195,Worth County,2715,1508,4278,1207,0.6346423562412342,0.3525011687704535,0.2821411874707807
IA,19197,Wright County,3853,1770,5706,2083,0.6752541184717841,0.31019978969505785,0.3650543287767262
KS,20001,Allen County,3989,1435,5550,2554,0.7187387387387387,0.2585585585585586,0.46018018018018014
KS,20003,Anderson County,2955,720,3735,2235,0.7911646586345381,0.1927710843373494,0.5983935742971886
KS,20005,Atchison County,4866,2177,7185,2689,0.6772442588726514,0.3029923451635351,0.37425191370911626
KS,20007,Barber County,1805,283,2116,1522,0.8530245746691871,0.1337429111531191,0.719281663516068
KS,20009,Barton County,8082,2184,10421,5898,0.7755493714614721,0.20957681604452547,0.5659725554169466
KS,20011,Bourbon County,4921,1426,6470,3495,0.7605873261205565,0.22040185471406493,0.5401854714064915
KS,20013,Brown County,3052,1051,4188,2001,0.728748806112703,0.2509551098376313,0.4777936962750717
KS,20015,Butler County,22147,9045,31838,13102,0.695615302468748,0.2840944782963754,0.4115208241723726
KS,20017,Chase County,1090,345,1459,745,0.7470870459218643,0.23646333104866346,0.5106237148732008
KS,20019,Chautauqua County,1287,210,1514,1077,0.8500660501981506,0.13870541611624834,0.7113606340819023
KS,20021,Cherokee County,6413,1926,8497,4487,0.7547369659879958,0.22666823584794635,0.5280687301400494
KS,20023,Cheyenne County,1166,201,1398,965,0.8340486409155937,0.14377682403433475,0.6902718168812589
KS,20025,Clark County,855,128,1001,727,0.8541458541458542,0.12787212787212787,0.7262737262737263
KS,20027,Clay County,3062,844,3999,2218,0.7656914228557139,0.2110527631907977,0.5546386596649162
KS,20029,Cloud County,3166,757,3983,2409,0.7948782324880743,0.1900577454180266,0.6048204870700478
KS,20031,Coffey County,3323,927,4321,2396,0.7690349456144411,0.21453367276093496,0.5545012728535061
KS,20033,Comanche County,701,127,843,574,0.8315539739027283,0.1506524317912218,0.6809015421115066
KS,20035,Cowley County,9171,3853,13245,5318,0.6924122310305776,0.29090222725556814,0.40151000377500945
KS,20037,Crawford County,9823,5832,15940,3991,0.6162484316185697,0.3658720200752823,0.2503764115432874
KS,20039,Decatur County,1177,197,1393,980,0.8449389806173726,0.1414213926776741,0.7035175879396985
KS,20041,Dickinson County,6857,1953,8949,4904,0.766230863783663,0.21823667448876968,0.5479941892948933
KS,20043,Doniphan County,2886,621,3559,2265,0.810901938746839,0.1744872155099747,0.6364147232368643
KS,20045,Douglas County,16994,38504,56405,-21510,0.3012853470437018,0.6826345182164701,-0.38134917117276834
KS,20047,Edwards County,1027,210,1250,817,0.8216,0.168,0.6536
KS,20049,Elk County,1112,191,1327,921,0.8379804069329314,0.1439336850037679,0.6940467219291635
KS,20051,Ellis County,9587,3442,13279,6145,0.7219670155885233,0.25920626553204307,0.4627607500564802
KS,20053,Ellsworth County,2019,631,2693,1388,0.7497215001856665,0.23431117712588193,0.5154103230597846
KS,20055,Finney County,6875,3257,10311,3618,0.6667636504703714,0.3158762486664727,0.35088740180389877
KS,20057,Ford County,5475,2381,7998,3094,0.6845461365341335,0.29769942485621403,0.3868467116779195
KS,20059,Franklin County,8592,3626,12466,4966,0.6892347184341409,0.290871169581261,0.39836354885287983
KS,20061,Geary County,5099,3529,8821,1570,0.5780523750141707,0.400068019498923,0.17798435551524772
KS,20063,Gove County,1211,147,1377,1064,0.879448075526507,0.10675381263616558,0.7726942628903414
KS,20065,Graham County,983,192,1194,791,0.8232830820770519,0.16080402010050251,0.6624790619765494
KS,20067,Grant County,1752,384,2166,1368,0.8088642659279779,0.1772853185595568,0.6315789473684211
KS,20069,Gray County,1799,319,2150,1480,0.8367441860465116,0.14837209302325582,0.6883720930232557
KS,20071,Greeley County,509,75,591,434,0.8612521150592216,0.12690355329949238,0.7343485617597292
KS,20073,Greenwood County,2287,537,2867,1750,0.7976979420997559,0.18730380188350193,0.6103941402162539
KS,20075,Hamilton County,657,128,798,529,0.8233082706766918,0.16040100250626566,0.6629072681704261
KS,20077,Harper County,2017,431,2492,1586,0.8093900481540931,0.17295345104333867,0.6364365971107544
KS,20079,Harvey County,9411,6106,15802,3305,0.5955575243640046,0.38640678395139855,0.209150740412606
KS,20081,Haskell County,1021,220,1253,801,0.8148443735035914,0.17557861133280128,0.6392657621707901
KS,20083,Hodgeman County,801,131,945,670,0.8476190476190476,0.13862433862433862,0.708994708994709
KS,20085,Jackson County,4512,1778,6408,2734,0.704119850187266,0.27746566791510613,0.42665418227215984
KS,20087,Jefferson County,6543,2973,9713,3570,0.6736332749922784,0.30608462884793575,0.3675486461443427
KS,20089,Jewell County,1360,176,1563,1184,0.8701215611004478,0.1126039667306462,0.7575175943698016
KS,20091,Johnson County,151268,179988,337201,-28720,0.44859890688343157,0.5337706590431226,-0.08517175215969103
KS,20093,Kearny County,1060,184,1270,876,0.8346456692913385,0.14488188976377953,0.6897637795275591
KS,20095,Kingman County,3072,749,3895,2323,0.7887034659820282,0.19229781771501925,0.596405648267009
KS,20097,Kiowa County,931,151,1096,780,0.8494525547445255,0.13777372262773724,0.7116788321167883
KS,20099,Labette County,5328,2352,7806,2976,0.6825518831667948,0.3013066871637202,0.3812451960030746
KS,20101,Lane County,689,109,821,580,0.8392204628501827,0.13276492082825822,0.7064555420219245
KS,20103,Leavenworth County,21776,13610,36138,8166,0.6025790027118268,0.3766118766948918,0.22596712601693503
KS,20105,Lincoln County,1222,249,1493,973,0.8184862692565305,0.1667782987273945,0.651707970529136
KS,20107,Linn County,3988,842,4895,3146,0.814708886618999,0.17201225740551584,0.6426966292134831
KS,20109,Logan County,1183,183,1397,1000,0.8468146027201146,0.1309949892627058,0.7158196134574087
KS,20111,Lyon County,7248,5373,12891,1875,0.5622527344659064,0.41680242029322784,0.14545031417267856
KS,20113,McPherson County,9552,3911,13718,5641,0.6963114156582593,0.2850998687855372,0.41121154687272204
KS,20115,Marion County,4219,1380,5724,2839,0.7370719776380154,0.24109014675052412,0.49598183088749126
KS,20117,Marshall County,3566,1175,4858,2391,0.7340469328941951,0.24186908192671883,0.49217785096747624
KS,20119,Meade County,1396,239,1656,1157,0.8429951690821256,0.14432367149758454,0.6986714975845411
KS,20121,Miami County,12679,5414,18448,7265,0.6872831743278404,0.2934735472679965,0.39380962705984385
KS,20123,Mitchell County,2562,515,3112,2047,0.8232647814910026,0.1654884318766067,0.6577763496143959
KS,20125,Montgomery County,8690,2783,11670,5907,0.7446443873179092,0.23847472150814053,0.5061696658097686
KS,20127,Morris County,1985,714,2748,1271,0.7223435225618632,0.259825327510917,0.46251819505094616
KS,20129,Morton County,879,130,1029,749,0.8542274052478134,0.12633624878522837,0.727891156462585
KS,20131,Nemaha County,4555,865,5494,3690,0.8290862759373863,0.15744448489261012,0.6716417910447762
KS,20133,Neosho County,4842,1658,6623,3184,0.7310886305299713,0.25033972520006037,0.48074890532991094
KS,20135,Ness County,1173,128,1330,1045,0.8819548872180452,0.0962406015037594,0.7857142857142858
KS,20137,Norton County,1826,340,2208,1486,0.8269927536231884,0.1539855072463768,0.6730072463768115
KS,20139,Osage County,5597,1909,7710,3688,0.7259403372243839,0.2476005188067445,0.4783398184176394
KS,20141,Osborne County,1442,253,1731,1189,0.8330444829578278,0.14615829000577701,0.6868861929520509
KS,20143,Ottawa County,2422,471,2943,1951,0.8229697587495752,0.1600407747196738,0.6629289840299014
KS,20145,Pawnee County,1971,612,2629,1359,0.7497147204260175,0.23278813236972232,0.5169265880562952
KS,20147,Phillips County,2217,321,2583,1896,0.8583042973286876,0.12427409988385599,0.7340301974448317
KS,20149,Pottawatomie County,9611,3363,13236,6248,0.7261257177394983,0.2540797824116047,0.4720459353278936
KS,20151,Pratt County,3047,953,4074,2094,0.7479135984290624,0.2339224349533628,0.5139911634756995
KS,20153,Rawlins County,1186,173,1392,1013,0.8520114942528736,0.12428160919540229,0.7277298850574713
KS,20155,Reno County,17388,8334,26248,9054,0.6624504724169461,0.3175099055166108,0.3449405669003353
KS,20157,Republic County,1966,391,2402,1575,0.8184845961698585,0.16278101582014987,0.6557035803497087
KS,20159,Rice County,3017,797,3882,2220,0.7771767130345183,0.20530654301906234,0.5718701700154559
KS,20161,Riley County,11327,11639,23559,-312,0.48079290292457233,0.49403624941635893,-0.0132433464917866
KS,20163,Rooks County,2126,346,2504,1780,0.8490415335463258,0.13817891373801916,0.7108626198083067
KS,20165,Rush County,1312,263,1602,1049,0.818976279650437,0.1641697877652934,0.6548064918851435
KS,20167,Russell County,2587,600,3248,1987,0.7964901477832512,0.18472906403940886,0.6117610837438423
KS,20169,Saline County,14783,7578,22764,7205,0.6494025654542259,0.3328940432261466,0.31650852222807935
KS,20171,Scott County,1784,238,2063,1546,0.864760058167717,0.11536597188560349,0.7493940862821135
KS,20173,Sedgwick County,116391,87399,207166,28992,0.5618248168135698,0.42187907282082965,0.13994574399274012
KS,20175,Seward County,3038,1287,4402,1751,0.6901408450704225,0.2923671058609723,0.3977737392094502
KS,20177,Shawnee County,39325,39674,80572,-349,0.4880727796256764,0.4924043091892965,-0.004331529563620096
KS,20179,Sheridan County,1207,122,1347,1085,0.8960653303637713,0.09057164068299926,0.8054936896807721
KS,20181,Sherman County,2113,365,2528,1748,0.8358386075949367,0.14438291139240506,0.6914556962025316
KS,20183,Smith County,1658,297,1986,1361,0.8348439073514602,0.14954682779456194,0.6852970795568982
KS,20185,Stafford County,1528,324,1887,1204,0.8097509273979863,0.17170111287758347,0.6380498145204028
KS,20187,Stanton County,528,111,651,417,0.8110599078341014,0.17050691244239632,0.6405529953917051
KS,20189,Stevens County,1559,207,1796,1352,0.8680400890868597,0.11525612472160357,0.7527839643652561
KS,20191,Sumner County,7643,2495,10347,5148,0.7386682130086015,0.2411326954672852,0.4975355175413163
KS,20193,Thomas County,2933,589,3578,2344,0.8197316936836221,0.1646171045276691,0.655114589155953
KS,20195,Trego County,1326,213,1566,1113,0.8467432950191571,0.1360153256704981,0.710727969348659
KS,20197,Wabaunsee County,2757,935,3768,1822,0.731687898089172,0.24814225053078556,0.48354564755838647
KS,20199,Wallace County,661,50,721,611,0.9167822468793343,0.06934812760055478,0.8474341192787795
KS,20201,Washington County,2220,394,2655,1826,0.8361581920903954,0.14839924670433144,0.687758945386064
KS,20203,Wichita County,728,105,845,623,0.8615384615384616,0.1242603550295858,0.7372781065088758
KS,20205,Wilson County,2846,641,3548,2205,0.8021420518602029,0.1806651634723788,0.6214768883878241
KS,20207,Woodson County,1181,278,1476,903,0.8001355013550135,0.18834688346883469,0.6117886178861789
KS,20209,Wyandotte County,18398,30096,49264,-11698,0.37345729132835337,0.6109126339720689,-0.23745534264371548
KY,21001,Adair County,7643,1257,8971,6386,0.8519674506743953,0.14011815851075687,0.7118492921636383
KY,21003,Allen County,7824,1505,9418,6319,0.830749628371204,0.15980038224676152,0.6709492461244425
KY,21005,Anderson County,9650,3226,13090,6424,0.7372039724980901,0.24644766997708173,0.4907563025210084
KY,21007,Ballard County,3331,697,4088,2634,0.8148238747553816,0.1704990215264188,0.6443248532289628
KY,21009,Barren County,15019,4565,19799,10454,0.7585736653366332,0.23056720036365472,0.5280064649729784
KY,21011,Bath County,4041,1278,5389,2763,0.7498608276118018,0.23714974948970124,0.5127110781221006
KY,21013,Bell County,7831,1419,9337,6412,0.8387062225554247,0.1519760094248688,0.6867302131305559
KY,21015,Boone County,45650,20601,67382,25049,0.6774806328099492,0.3057344691460627,0.37174616366388646
KY,21017,Bourbon County,6284,3088,9535,3196,0.659045621394861,0.323859465128474,0.335186156266387
KY,21019,Boyd County,14363,6291,20951,8072,0.6855520022910601,0.3002720633859959,0.3852799389050642
KY,21021,Boyle County,9159,4990,14371,4169,0.6373251687426066,0.3472270544847262,0.2900981142578804
KY,21023,Bracken County,3399,702,4146,2697,0.8198263386396527,0.16931982633863965,0.6505065123010131
KY,21025,Breathitt County,4036,1002,5113,3034,0.789360453745355,0.19597105417563074,0.5933893995697243
KY,21027,Breckinridge County,7882,2038,10046,5844,0.7845908819430619,0.20286681266175594,0.5817240692813059
KY,21029,Bullitt County,32299,10280,43187,22019,0.7478870956537848,0.23803459374348762,0.5098525019102971
KY,21031,Butler County,4905,965,5942,3940,0.8254796364860316,0.1624032312352743,0.6630764052507573
KY,21033,Caldwell County,4860,1256,6188,3604,0.7853910795087266,0.20297349709114415,0.5824175824175823
KY,21035,Calloway County,11539,5111,16936,6428,0.6813297118564006,0.30178318375059043,0.37954652810581013
KY,21037,Campbell County,28450,18952,48302,9498,0.5890025257753302,0.3923647053952217,0.19663782038010846
KY,21039,Carlisle County,2182,408,2610,1774,0.8360153256704981,0.15632183908045977,0.6796934865900384
KY,21041,Carroll County,3014,963,4025,2051,0.7488198757763975,0.23925465838509316,0.5095652173913043
KY,21043,Carter County,8981,2305,11420,6676,0.7864273204903678,0.20183887915936952,0.5845884413309983
KY,21045,Casey County,6216,804,7080,5412,0.8779661016949153,0.1135593220338983,0.764406779661017
KY,21047,Christian County,14332,7055,21671,7277,0.6613446541460939,0.32555027456047253,0.33579437958562136
KY,21049,Clark County,11950,5639,17868,6311,0.6687933736288336,0.3155921199910454,0.3532012536377882
KY,21051,Clay County,6729,692,7517,6037,0.8951709458560596,0.09205800186244513,0.8031129439936144
KY,21053,Clinton County,4276,549,4880,3727,0.8762295081967213,0.1125,0.7637295081967213
KY,21055,Crittenden County,3349,608,4008,2741,0.8355788423153693,0.15169660678642716,0.6838822355289421
KY,21057,Cumberland County,2922,483,3439,2439,0.8496656004652515,0.14044780459435882,0.7092177958708927
KY,21059,Daviess County,30705,15673,47067,15032,0.6523679010771878,0.33299339239807085,0.31937450867911693
KY,21061,Edmonson County,5048,1118,6247,3930,0.8080678725788378,0.1789659036337442,0.6291019689450936
KY,21063,Elliott County,2335,532,2911,1803,0.8021298522844383,0.1827550669872896,0.6193747852971487
KY,21065,Estill County,5091,1114,6289,3977,0.8095086659246303,0.17713467959930038,0.6323739863253299
KY,21067,Fayette County,56270,80301,139544,-24031,0.4032419881901049,0.5754529037436221,-0.1722109155535172
KY,21069,Fleming County,5578,1334,7000,4244,0.7968571428571428,0.19057142857142856,0.6062857142857143
KY,21071,Floyd County,12326,3061,15650,9265,0.7876038338658147,0.19559105431309903,0.5920127795527157
KY,21073,Franklin County,13246,11996,25749,1250,0.5144277447667871,0.46588217018136624,0.04854557458542086
KY,21075,Fulton County,1491,636,2145,855,0.6951048951048951,0.2965034965034965,0.39860139860139865
KY,21077,Gallatin County,3109,761,3917,2348,0.7937196834311974,0.19428133775848863,0.5994383456727087
KY,21079,Garrard County,7086,1719,8917,5367,0.7946618817988113,0.19277784008074464,0.6018840417180666
KY,21081,Grant County,9372,1944,11466,7428,0.8173731030873888,0.1695447409733124,0.6478283621140764
KY,21083,Graves County,13378,3105,16678,10273,0.8021345485070153,0.18617340208658112,0.6159611464204342
KY,21085,Grayson County,9710,2235,12095,7475,0.8028110789582472,0.18478710210830923,0.618023976849938
KY,21087,Green County,5033,782,5857,4251,0.8593136417961413,0.1335154515963804,0.725798190199761
KY,21089,Greenup County,12961,4181,17372,8780,0.7460856550771356,0.24067464886023487,0.5054110062169008
KY,21091,Hancock County,3375,1173,4633,2202,0.7284696740772717,0.25318368227930066,0.47528599179797104
KY,21093,Hardin County,30672,16572,48060,14100,0.6382022471910113,0.3448189762796504,0.29338327091136085
KY,21095,Harlan County,9109,1199,10384,7910,0.8772149460708782,0.11546610169491525,0.761748844375963
KY,21097,Harrison County,6639,2265,9018,4374,0.7361942781104458,0.25116433799068527,0.4850299401197605
KY,21099,Hart County,6691,1642,8409,5049,0.7956950885955524,0.19526697585919847,0.6004281127363539
KY,21101,Henderson County,12592,6837,19684,5755,0.6397073765494818,0.3473379394432026,0.2923694371062792
KY,21103,Henry County,6093,1857,8074,4236,0.7546445380232846,0.22999752291305425,0.5246470151102303
KY,21105,Hickman County,1656,394,2069,1262,0.8003866602223296,0.1904301594973417,0.6099565007249879
KY,21107,Hopkins County,15174,4880,20306,10294,0.7472668176893529,0.24032305722446567,0.5069437604648872
KY,21109,Jackson County,5358,506,5934,4852,0.9029322548028311,0.08527131782945736,0.8176609369733737
KY,21111,Jefferson County,144553,203070,353609,-58517,0.40879332822411196,0.5742783696116331,-0.16548504138752118
KY,21113,Jessamine County,17854,8303,26644,9551,0.6700945803933344,0.31162738327578443,0.35846719711754993
KY,21115,Johnson County,8150,1350,9622,6800,0.8470172521305341,0.14030347121180628,0.7067137809187278
KY,21117,Kenton County,48444,30859,80875,17585,0.5989984544049459,0.381564142194745,0.21743431221020093
KY,21119,Knott County,4732,1181,6003,3551,0.7882725304014659,0.19673496585040812,0.5915375645510579
KY,21121,Knox County,11178,1821,13156,9357,0.8496503496503497,0.13841593189419277,0.7112344177561569
KY,21123,Larue County,5773,1389,7258,4384,0.7953981813171672,0.19137503444475062,0.6040231468724166
KY,21125,Laurel County,23516,4037,27884,19479,0.8433510256778081,0.1447783675225936,0.6985726581552145
KY,21127,Lawrence County,5464,1044,6572,4420,0.8314059646987219,0.1588557516737675,0.6725502130249543
KY,21129,Lee County,2227,406,2690,1821,0.8278810408921933,0.15092936802973977,0.6769516728624535
KY,21131,Leslie County,3908,382,4357,3526,0.8969474408997016,0.08767500573789305,0.8092724351618086
KY,21133,Letcher County,6848,1457,8430,5391,0.8123368920521945,0.17283511269276394,0.6395017793594305
KY,21135,Lewis County,4997,666,5721,4331,0.8734486977801084,0.11641321447299423,0.7570354833071141
KY,21137,Lincoln County,8833,2080,11034,6753,0.8005256479970999,0.18850824723581658,0.6120174007612833
KY,21139,Livingston County,4021,886,4972,3135,0.8087288817377313,0.17819790828640386,0.6305309734513274
KY,21141,Logan County,9620,2734,12506,6886,0.7692307692307693,0.21861506476891093,0.5506157044618584
KY,21143,Lyon County,3187,950,4187,2237,0.7611655122999761,0.2268927633150227,0.5342727489849534
KY,21145,McCracken County,21349,10191,31937,11158,0.6684723048501737,0.3190969721639478,0.34937533268622595
KY,21147,McCreary County,5531,641,6211,4890,0.8905168249879246,0.10320399291579456,0.7873128320721301
KY,21149,McLean County,3578,989,4633,2589,0.7722857759551047,0.2134685948629398,0.5588171810921649
KY,21151,Madison County,29130,15180,45164,13950,0.6449827296076521,0.33610840492427596,0.30887432468337617
KY,21153,Magoffin County,4288,909,5274,3379,0.8130451270383011,0.17235494880546076,0.6406901782328404
KY,21155,Marion County,6473,2513,9100,3960,0.7113186813186814,0.27615384615384614,0.43516483516483523
KY,21157,Marshall County,13677,3700,17599,9977,0.7771464287743621,0.21023921813739416,0.5669072106369679
KY,21159,Martin County,3343,287,3655,3056,0.9146374829001368,0.07852257181942544,0.8361149110807113
KY,21161,Mason County,5621,2170,7898,3451,0.7116991643454039,0.27475310205115216,0.43694606229425176
KY,21163,Meade County,10630,3279,14119,7351,0.7528861817409165,0.23224024364331752,0.520645938097599
KY,21165,Menifee County,2563,664,3292,1899,0.778554070473876,0.20170109356014582,0.5768529769137303
KY,21167,Mercer County,8826,2838,11841,5988,0.7453762351152774,0.23967570306561944,0.5057005320496579
KY,21169,Metcalfe County,4197,884,5124,3313,0.8190866510538641,0.1725214676034348,0.6465651834504293
KY,21171,Monroe County,4679,576,5308,4103,0.8814996232102487,0.10851544837980406,0.7729841748304446
KY,21173,Montgomery County,9302,3329,12819,5973,0.725641625711834,0.2596926437319604,0.4659489819798736
KY,21175,Morgan County,4353,939,5373,3414,0.8101619207146845,0.17476270240089337,0.6353992183137911
KY,21177,Muhlenberg County,10491,3048,13691,7443,0.766269812285443,0.22262800379811554,0.5436418084873275
KY,21179,Nelson County,16052,6515,22838,9537,0.7028636483054558,0.2852701637621508,0.41759348454330497
KY,21181,Nicholas County,2451,824,3319,1627,0.7384754444109671,0.24826755046700813,0.490207893943959
KY,21183,Ohio County,8679,2094,10935,6585,0.7936899862825789,0.1914951989026063,0.6021947873799727
KY,21185,Oldham County,23025,14402,38187,8623,0.602953884829916,0.3771440542593029,0.22580983057061305
KY,21187,Owen County,4434,988,5494,3446,0.8070622497269749,0.17983254459410267,0.6272297051328722
KY,21189,Owsley County,1625,203,1839,1422,0.8836324089178902,0.11038607939097335,0.7732463295269169
KY,21191,Pendleton County,5593,1210,6900,4383,0.8105797101449276,0.1753623188405797,0.6352173913043478
KY,21193,Perry County,7913,1966,9992,5947,0.79193354683747,0.19675740592473978,0.5951761409127302
KY,21195,Pike County,19684,4025,23946,15659,0.8220162031236949,0.16808652802138144,0.6539296751023135
KY,21197,Powell County,4092,1174,5360,2918,0.7634328358208955,0.21902985074626866,0.5444029850746268
KY,21199,Pulaski County,26051,5351,31725,20700,0.821150512214342,0.1686682427107959,0.6524822695035462
KY,21201,Robertson County,915,215,1144,700,0.7998251748251748,0.18793706293706294,0.6118881118881119
KY,21203,Rockcastle County,6635,986,7724,5649,0.8590108751941999,0.1276540652511652,0.7313568099430348
KY,21205,Rowan County,6224,3484,9872,2740,0.6304700162074555,0.35291734197730956,0.2775526742301459
KY,21207,Russell County,7622,1200,8893,6422,0.8570786011469695,0.13493759136399416,0.7221410097829754
KY,21209,Scott County,18747,10501,29761,8246,0.6299183495178253,0.3528443264675246,0.2770740230503007
KY,21211,Shelby County,16356,7822,24607,8534,0.6646889096598528,0.317877026862275,0.34681188279757785
KY,21213,Simpson County,6253,2403,8776,3850,0.7125113947128532,0.27381494986326343,0.43869644484958975
KY,21215,Spencer County,8927,2415,11479,6512,0.7776809826639951,0.21038417980660337,0.5672968028573917
KY,21217,Taylor County,9523,2576,12256,6947,0.7770071801566579,0.21018276762402088,0.566824412532637
KY,21219,Todd County,4009,1051,5112,2958,0.7842331768388107,0.20559467918622848,0.5786384976525822
KY,21221,Trigg County,5436,1667,7196,3769,0.7554196775986659,0.23165647581989995,0.5237632017787659
KY,21223,Trimble County,3283,923,4249,2360,0.7726523887973641,0.21722758296069664,0.5554248058366674
KY,21225,Union County,4758,1225,6058,3533,0.7854077253218884,0.20221195113898977,0.5831957741828986
KY,21227,Warren County,34862,21065,56860,13797,0.613119943721421,0.37047133309883923,0.24264861062258175
KY,21229,Washington County,4720,1533,6338,3187,0.744714420952982,0.2418744083307037,0.5028400126222783
KY,21231,Wayne County,7203,1444,8733,5759,0.8248024733768464,0.16534982251230962,0.6594526508645369
KY,21233,Webster County,4339,1153,5556,3186,0.7809575233981282,0.20752339812814974,0.5734341252699784
KY,21235,Whitley County,12687,2237,15075,10450,0.8415920398009951,0.14839137645107794,0.6932006633499171
KY,21237,Wolfe County,2163,689,2915,1474,0.7420240137221269,0.23636363636363636,0.5056603773584906
KY,21239,Woodford County,8419,6282,14984,2137,0.561865990389749,0.4192471970101442,0.14261879337960487
LA,22001,Acadia Parish,21783,4695,26720,17088,0.8152320359281438,0.17571107784431136,0.6395209580838324
LA,22003,Allen Parish,7003,1661,8751,5342,0.8002513998400183,0.18980687921380412,0.6104445206262141
LA,22005,Ascension Parish,41319,20113,62473,21206,0.6613897203591952,0.32194708113905207,0.3394426392201431
LA,22007,Assumption Parish,6963,3273,10367,3690,0.671650429246648,0.31571332111507666,0.3559371081315713
LA,22009,Avoyelles Parish,11379,4460,16037,6919,0.7095466733179522,0.2781068778449835,0.4314397954729687
LA,22011,Beauregard Parish,13504,2192,15874,11312,0.8506992566460879,0.13808743857880812,0.7126118180672798
LA,22013,Bienville Parish,3660,2531,6256,1129,0.5850383631713555,0.4045716112531969,0.18046675191815859
LA,22015,Bossier Parish,37105,14467,52232,22638,0.7103882677285955,0.2769758002756931,0.43341246745290246
LA,22017,Caddo Parish,44471,48864,94699,-4393,0.46960369169685,0.5159927771148587,-0.04638908541800868
LA,22019,Calcasieu Parish,56064,23918,81201,32146,0.6904348468614918,0.2945530227460253,0.3958818241154665
LA,22021,Caldwell Parish,3724,580,4334,3144,0.8592524227041993,0.13382556529764653,0.7254268574065528
LA,22023,Cameron Parish,3120,219,3362,2901,0.9280190362879238,0.06513979773944081,0.862879238548483
LA,22025,Catahoula Parish,3258,1060,4348,2198,0.7493100275988961,0.24379024839006438,0.5055197792088317
LA,22027,Claiborne Parish,3522,2239,5816,1283,0.6055708390646493,0.38497248968363135,0.2205983493810179
LA,22029,Concordia Parish,4974,2698,7755,2276,0.6413926499032881,0.3479045776918117,0.29348807221147644
LA,22031,De Soto Parish,9359,4426,13913,4933,0.6726802271257097,0.3181197441242004,0.35456048300150933
LA,22033,East Baton Rouge Parish,82720,103820,190643,-21100,0.43390001206443457,0.544578085741412,-0.1106780736769774
LA,22035,East Carroll Parish,931,1338,2306,-407,0.40372940156114484,0.5802254986990459,-0.1764960971379011
LA,22037,East Feliciana Parish,6020,3809,9947,2211,0.6052076002814919,0.38292952649039913,0.22227807379109277
LA,22039,Evangeline Parish,10483,3526,14176,6957,0.7394892776523702,0.24873024830699775,0.4907590293453724
LA,22041,Franklin Parish,6524,2196,8798,4328,0.7415321664014549,0.2496021823141623,0.4919299840872926
LA,22043,Grant Parish,7925,996,9018,6929,0.878797959636283,0.1104457751164338,0.7683521845198492
LA,22045,Iberia Parish,19511,9504,29331,10007,0.6652006409600764,0.32402577477753913,0.34117486618253723
LA,22047,Iberville Parish,7616,7503,15354,113,0.49602709391689465,0.48866744822196173,0.007359645694932915
LA,22049,Jackson Parish,5291,1852,7226,3439,0.7322169941876557,0.2562967063382231,0.47592028784943263
LA,22051,Jefferson Parish,98810,75731,178205,23079,0.5544737801969641,0.4249656294716759,0.12950815072528826
LA,22053,Jefferson Davis Parish,11478,2699,14358,8779,0.7994149603008776,0.18797882713469843,0.6114361331661791
LA,22055,Lafayette Parish,72007,37170,111086,34837,0.6482094953459482,0.3346056208703167,0.3136038744756315
LA,22057,Lafourche Parish,34461,7864,42845,26597,0.8043178900688528,0.18354533784572297,0.6207725522231298
LA,22059,LaSalle Parish,6023,546,6620,5477,0.9098187311178247,0.08247734138972809,0.8273413897280967
LA,22061,Lincoln Parish,11248,6627,18157,4621,0.6194855978410531,0.3649832020708267,0.2545023957702264
LA,22063,Livingston Parish,55101,9965,65906,45136,0.8360543804812915,0.1512001942160046,0.6848541862652869
LA,22065,Madison Parish,1846,2094,3992,-248,0.4624248496993988,0.5245490981963928,-0.06212424849699405
LA,22067,Morehouse Parish,5961,4008,10097,1953,0.5903733782311578,0.39694958898682775,0.19342378924433
LA,22069,Natchitoches Parish,9100,5740,15040,3360,0.6050531914893617,0.3816489361702128,0.22340425531914887
LA,22071,Orleans Parish,24119,130749,159130,-106630,0.1515679004587444,0.8216489662540062,-0.6700810657952618
LA,22073,Ouachita Parish,40808,22845,64436,17963,0.6333105717300888,0.35453783599230243,0.2787727357377863
LA,22075,Plaquemines Parish,6803,3023,9945,3780,0.6840623428858723,0.3039718451483157,0.3800904977375566
LA,22077,Pointe Coupee Parish,7319,4132,11570,3187,0.6325842696629214,0.3571305099394987,0.2754537597234227
LA,22079,Rapides Parish,36171,16537,53395,19634,0.6774229796797453,0.3097106470643319,0.3677123326154134
LA,22081,Red River Parish,2337,1321,3725,1016,0.6273825503355704,0.3546308724832215,0.27275167785234894
LA,22083,Richland Parish,6354,2732,9193,3622,0.6911780702708583,0.2971826389644295,0.39399543130642883
LA,22085,Sabine Parish,8613,1488,10170,7125,0.8469026548672567,0.1463126843657817,0.700589970501475
LA,22087,St. Bernard Parish,11033,5967,17292,5066,0.6380407124681934,0.34507286606523246,0.2929678464029609
LA,22089,St. Charles Parish,17443,8812,26685,8631,0.6536631066142027,0.3302229717069515,0.3234401349072512
LA,22091,St. Helena Parish,2804,2848,5745,-44,0.48807658833768497,0.49573542210617927,-0.0076588337684943
LA,22093,St. James Parish,5902,5792,11789,110,0.5006361862753415,0.4913054542370006,0.009330732038340839
LA,22095,St. John the Baptist Parish,6557,12043,18827,-5486,0.3482764115366229,0.6396664365007702,-0.29139002496414723
LA,22097,St. Landry Parish,21812,14833,37043,6979,0.5888291984990417,0.4004265313284561,0.18840266717058557
LA,22099,St. Martin Parish,17466,7284,25006,10182,0.6984723666320083,0.2912900903783092,0.40718227625369907
LA,22101,St. Mary Parish,13671,7011,20897,6660,0.6542087380963775,0.33550270373737856,0.3187060343589989
LA,22103,St. Tammany Parish,98377,37777,138384,60600,0.7108986588044861,0.2729867614753151,0.437911897329171
LA,22105,Tangipahoa Parish,37500,16886,55104,20614,0.6805313588850174,0.30643873403019745,0.3740926248548199
LA,22107,Tensas Parish,1093,1002,2128,91,0.5136278195488722,0.4708646616541353,0.042763157894736836
LA,22109,Terrebonne Parish,31115,9702,41327,21413,0.7528976214097322,0.23476177801437317,0.518135843395359
LA,22111,Union Parish,8176,2206,10475,5970,0.7805250596658712,0.2105966587112172,0.5699284009546539
LA,22113,Vermilion Parish,21510,4637,26429,16873,0.8138786938590185,0.17545120889931515,0.6384274849597034
LA,22115,Vernon Parish,13474,2513,16149,10961,0.8343550684252895,0.15561335067186824,0.6787417177534213
LA,22117,Washington Parish,12846,5411,18455,7435,0.6960715253318884,0.29319967488485504,0.4028718504470334
LA,22119,Webster Parish,10965,5053,16205,5912,0.6766430114162295,0.31181734032705954,0.36482567108916997
LA,22121,West Baton Rouge Parish,7627,6008,13836,1619,0.5512431338537149,0.4342295461115929,0.117013587742122
LA,22123,West Carroll Parish,3986,578,4603,3408,0.865956984575277,0.12557028025200956,0.7403867043232675
LA,22125,West Feliciana Parish,3923,2004,6008,1919,0.6529627163781625,0.33355525965379496,0.31940745672436754
LA,22127,Winn Parish,4437,1292,5781,3145,0.7675142708873898,0.22349074554575332,0.5440235253416364
ME,23001,Androscoggin County,30563,26982,58990,3581,0.5181047635192405,0.45739955924733006,0.06070520427191045
ME,23003,Aroostook County,22051,12787,35386,9264,0.6231560504154185,0.36135759905047193,0.2617984513649466
ME,23005,Cumberland County,59941,127914,192951,-67973,0.3106540002384025,0.6629351493384331,-0.3522811491000306
ME,23007,Franklin County,9557,7984,17929,1573,0.5330470187963634,0.44531206425344416,0.08773495454291924
ME,23009,Hancock County,15542,19836,36313,-4294,0.42800099138049735,0.5462506540357448,-0.11824966265524745
ME,23011,Kennebec County,34814,34585,73077,229,0.4764016037877855,0.47326792287587066,0.003133680911914849
ME,23013,Knox County,10262,15076,25961,-4814,0.3952852355456261,0.5807172296906898,-0.18543199414506373
ME,23015,Lincoln County,10409,13110,24056,-2701,0.43269870302627206,0.5449783837712006,-0.1122796807449285
ME,23017,Oxford County,19223,14759,34645,4464,0.5548564006350123,0.4260066387646125,0.12884976187039981
ME,23019,Penobscot County,47200,37889,86935,9311,0.5429343762581239,0.43583136826364527,0.10710300799447864
ME,23021,Piscataquis County,6486,3510,10224,2976,0.6343896713615024,0.34330985915492956,0.2910798122065728
ME,23023,Sagadahoc County,9917,13982,24454,-4065,0.4055369264741964,0.5717674000163573,-0.16623047354216086
ME,23025,Somerset County,17661,10058,28214,7603,0.6259658325653931,0.3564896859715035,0.2694761465938896
ME,23027,Waldo County,11957,12783,25389,-826,0.4709519870810193,0.5034857615502777,-0.03253377446925837
ME,23029,Washington County,10606,6527,17456,4079,0.6075847846012832,0.3739115490375802,0.23367323556370295
ME,23031,York County,58783,73013,134677,-14230,0.43647393393081224,0.5421341431721823,-0.1056602092413701
MD,24001,Allegany County,22141,9231,32001,12910,0.691884628605356,0.28845973563326144,0.4034248929720946
MD,24003,Anne Arundel County,128892,171945,308782,-43053,0.4174207045747485,0.5568491686691581,-0.13942846409440962
MD,24005,Baltimore County,149560,249957,409810,-100397,0.36494961079524657,0.6099338717942461,-0.2449842609989995
MD,24009,Calvert County,29361,23438,53882,5923,0.5449129579451394,0.4349875654207342,0.1099253925244052
MD,24011,Caroline County,11053,4860,16276,6193,0.6790980584910298,0.2985991644138609,0.38049889407716886
MD,24013,Carroll County,62273,36867,101796,25406,0.6117430940311996,0.36216550748555937,0.24957758654564027
MD,24015,Cecil County,33871,17628,52612,16243,0.6437884893180263,0.3350566410704782,0.3087318482475481
MD,24017,Charles County,26145,63454,91650,-37309,0.28527004909983633,0.6923513366066557,-0.4070812875068194
MD,24019,Dorchester County,9390,6954,16730,2436,0.5612671846981471,0.4156604901374776,0.1456066945606695
MD,24021,Frederick County,68753,82409,155004,-13656,0.44355629532141105,0.5316572475549018,-0.08810095223349079
MD,24023,Garrett County,11983,3456,15785,8527,0.7591384225530567,0.21894203357617992,0.5401963889768768
MD,24025,Harford County,83050,62453,149020,20597,0.5573077439269897,0.4190913971279023,0.1382163467990874
MD,24027,Howard County,49425,124764,180488,-75339,0.2738409201719782,0.6912592526926998,-0.41741833252072164
MD,24029,Kent County,5561,5251,11068,310,0.5024394651246837,0.4744307914709071,0.028008673653776628
MD,24031,Montgomery County,108099,371323,493400,-263224,0.21908998783948117,0.752580056749088,-0.5334900689096068
MD,24033,Prince George's County,41574,327245,377844,-285671,0.11002953599898371,0.866084945109622,-0.7560554091106383
MD,24035,Queen Anne's County,20200,11273,32136,8927,0.6285785411999004,0.35079039083893454,0.2777881503609659
MD,24037,St. Mary's County,33582,23531,58543,10051,0.5736296397519772,0.40194387031754436,0.17168576943443287
MD,24039,Somerset County,5805,4054,10090,1751,0.5753221010901883,0.40178394449950444,0.1735381565906839
MD,24041,Talbot County,11125,11119,22667,6,0.4908016058587374,0.49053690386906074,0.00026470198967665226
MD,24043,Washington County,44054,27260,73001,16794,0.6034711853262285,0.37341954219805207,0.2300516431281764
MD,24045,Wicomico County,24065,21513,46698,2552,0.5153325624223736,0.4606835410510086,0.05464902137136496
MD,24047,Worcester County,19632,12431,32728,7201,0.5998533365925202,0.3798276704962112,0.22002566609630897
MD,24510,Baltimore city,26541,185378,217555,-158837,0.12199673645744755,0.8520971708303647,-0.7301004343729172
MA,25001,Barnstable County,56894,86708,145821,-29814,0.3901632823804527,0.5946194306718511,-0.20445614829139835
MA,25003,Berkshire County,19687,46492,67593,-26805,0.2912579704999038,0.6878227035343897,-0.39656473303448586
MA,25005,Bristol County,132573,135126,272454,-2553,0.48658856173886234,0.4959589508687705,-0.009370389129908174
MA,25007,Dukes County,2732,9002,11994,-6270,0.22778055694513924,0.7505419376354844,-0.5227613806903452
MA,25009,Essex County,153365,231937,392846,-78572,0.39039470937721144,0.5904018368520998,-0.20000712747488836
MA,25011,Franklin County,12354,28012,41664,-15658,0.29651497695852536,0.6723310291858678,-0.3758160522273425
MA,25013,Hampden County,91901,109747,205924,-17846,0.44628600843029465,0.5329490491637692,-0.08666304073347453
MA,25015,Hampshire County,22981,57163,82540,-34182,0.27842258299006545,0.6925490671189726,-0.4141264841289071
MA,25017,Middlesex County,231495,539551,791241,-308056,0.2925720482128707,0.6819047546828336,-0.38933270646996293
MA,25019,Nantucket County,2159,4757,7042,-2598,0.30658903720533937,0.6755183186594718,-0.3689292814541324
MA,25021,Norfolk County,130394,237259,375490,-106865,0.34726357559455645,0.6318650296945325,-0.28460145409997606
MA,25023,Plymouth County,132042,156611,293683,-24569,0.44960722956384946,0.5332654596963392,-0.08365823013248974
MA,25025,Suffolk County,64224,207764,279573,-143540,0.22972175424665472,0.7431475857826042,-0.5134258315359495
MA,25027,Worcester County,182160,222442,413704,-40282,0.440314814456713,0.5376839479434572,-0.0973691334867442
MI,26001,Alcona County,5255,2140,7479,3115,0.7026340419842225,0.28613450996122475,0.4164995320229978
MI,26003,Alger County,3116,2075,5258,1041,0.5926207683529859,0.39463674400912896,0.19798402434385698
MI,26005,Allegan County,43072,23648,67706,19424,0.6361622308214929,0.3492748057779222,0.28688742504357073
MI,26007,Alpena County,10965,6036,17206,4929,0.6372776938277345,0.35080785772404977,0.2864698361036847
MI,26009,Antrim County,10340,6328,16879,4012,0.6125955329107174,0.37490372652408316,0.23769180638663429
MI,26011,Arenac County,6379,2661,9157,3718,0.6966255323796003,0.29059735721306107,0.4060281751665393
MI,26013,Baraga County,2778,1488,4331,1290,0.6414223043177095,0.343569614407758,0.2978526899099515
MI,26015,Barry County,25649,12391,38620,13258,0.6641377524598654,0.32084412221646813,0.34329363024339726
MI,26017,Bay County,34736,25725,61231,9011,0.5672943443680488,0.4201303261419869,0.1471640182260619
MI,26019,Benzie County,6890,5767,12827,1123,0.5371482030092773,0.44959850315740235,0.087549699851875
MI,26021,Berrien County,44965,38288,84427,6677,0.532590285098369,0.4535042107382709,0.07908607436009812
MI,26023,Branch County,14847,5910,21086,8937,0.7041164753865123,0.2802807550033197,0.4238357203831926
MI,26025,Calhoun County,38592,28976,68462,9616,0.5636995705646928,0.4232420905027607,0.1404574800619321
MI,26027,Cass County,18502,9048,27864,9454,0.6640109101349412,0.32472006890611543,0.33929084122882575
MI,26029,Charlevoix County,10183,7194,17656,2989,0.5767444494789307,0.40745355686452195,0.16929089261440872
MI,26031,Cheboygan County,10650,5539,16416,5111,0.6487573099415205,0.33741471734892786,0.3113425925925926
MI,26033,Chippewa County,11248,6796,18362,4452,0.6125694368805141,0.3701121882147914,0.2424572486657227
MI,26035,Clare County,11766,5276,17285,6490,0.6807058142898467,0.3052357535435349,0.3754700607463118
MI,26037,Clinton County,26748,22439,49947,4309,0.535527659318878,0.44925621158427936,0.08627144773459866
MI,26039,Crawford County,5613,2751,8475,2862,0.6623008849557522,0.3246017699115044,0.3376991150442478
MI,26041,Delta County,13800,7355,21482,6445,0.6423982869379015,0.3423796666977004,0.30001862024020104
MI,26043,Dickinson County,10324,4761,15309,5563,0.6743745509177608,0.31099353321575546,0.3633810177020053
MI,26045,Eaton County,33097,31038,65145,2059,0.5080512702433034,0.47644485378770435,0.031606416455599085
MI,26047,Emmet County,12461,9995,22834,2466,0.5457212928089691,0.4377244460015766,0.10799684680739247
MI,26049,Genesee County,105285,114632,223143,-9347,0.471827482824915,0.5137154201565812,-0.041887937331666236
MI,26051,Gladwin County,10809,4501,15488,6308,0.6978951446280992,0.2906120867768595,0.4072830578512397
MI,26053,Gogebic County,4274,3106,7479,1168,0.5714667736328386,0.4152961625885814,0.15617061104425722
MI,26055,Grand Traverse County,31409,30327,62734,1082,0.500669493416648,0.48342206777823826,0.017247425638409752
MI,26057,Gratiot County,12892,6679,19843,6213,0.6497001461472559,0.3365922491558736,0.3131078969913823
MI,26059,Hillsdale County,18627,5873,24807,12754,0.750876768654009,0.23674769218365785,0.5141290764703511
MI,26061,Houghton County,11178,7868,19348,3310,0.5777341327268969,0.40665701881331406,0.17107711391358282
MI,26063,Huron County,13225,5521,18969,7704,0.6971901523538405,0.2910538246612895,0.40613632769255104
MI,26065,Ingham County,50552,94464,147918,-43912,0.3417569193742479,0.638624102543301,-0.29686718316905314
MI,26067,Ionia County,22175,11338,34009,10837,0.6520332853068306,0.33338233996883176,0.3186509453379988
MI,26069,Iosco County,10153,5342,15727,4811,0.6455776689769187,0.339670630126534,0.3059070388503847
MI,26071,Iron County,4501,2441,7027,2060,0.6405293866514872,0.34737441297851146,0.2931549736729757
MI,26073,Isabella County,16315,14003,30803,2312,0.5296562023179561,0.4545985780605785,0.07505762425737755
MI,26075,Jackson County,50178,32327,83761,17851,0.5990616157877772,0.3859433387853536,0.21311827700242358
MI,26077,Kalamazoo County,57819,83923,144201,-26104,0.40096115838309027,0.5819862552964266,-0.1810250969133363
MI,26079,Kalkaska County,8149,3430,11751,4719,0.6934728959237512,0.2918900519104757,0.4015828440132755
MI,26081,Kent County,167096,184398,357851,-17302,0.46694294552760784,0.5152926776786987,-0.04834973215109084
MI,26083,Keweenaw County,896,689,1610,207,0.5565217391304348,0.42795031055900623,0.12857142857142856
MI,26085,Lake County,4523,2298,6915,2225,0.6540853217642806,0.33232104121475053,0.32176428054953005
MI,26087,Lapeer County,36982,15921,53587,21061,0.6901300688599847,0.29710564129359734,0.3930244275663874
MI,26089,Leelanau County,6392,8407,15796,-2015,0.4046594074449228,0.5322233476829578,-0.12756394023803497
MI,26091,Lenawee County,33457,20782,55000,12675,0.6083090909090909,0.37785454545454544,0.23045454545454547
MI,26093,Livingston County,81204,49484,132369,31720,0.6134668993495456,0.3738337526157937,0.23963314673375186
MI,26095,Luce County,2170,769,2985,1401,0.7269681742043551,0.2576214405360134,0.46934673366834173
MI,26097,Mackinac County,4476,2674,7237,1802,0.6184883238911151,0.36949012021555894,0.24899820367555614
MI,26099,Macomb County,284639,214930,508984,69709,0.5592297596781038,0.4222726058186505,0.13695715385945334
MI,26101,Manistee County,8627,6541,15412,2086,0.5597586296392422,0.4244095509992214,0.13534907864002077
MI,26103,Marquette County,17458,20863,38988,-3405,0.4477788037344824,0.5351133682158613,-0.08733456448137888
MI,26105,Mason County,10830,6969,18052,3861,0.59993352537115,0.38605140704631064,0.21388211832483933
MI,26107,Mecosta County,14444,7689,22489,6755,0.6422695540041798,0.3419004846813998,0.30036906932278007
MI,26109,Menominee County,8645,4252,13054,4393,0.6622491190439712,0.3257239160410602,0.336525203002911
MI,26111,Midland County,28567,20916,50273,7651,0.5682374236667794,0.416048375867762,0.15218904779901743
MI,26113,Missaukee County,7066,1945,9151,5121,0.7721560485192875,0.21254507704076056,0.559610971478527
MI,26115,Monroe County,57402,32613,91326,24789,0.6285395177714999,0.357105315025294,0.27143420274620583
MI,26117,Montcalm County,23944,10362,34827,13582,0.6875125620926292,0.2975277801705573,0.3899847819220719
MI,26119,Montmorency County,4599,1700,6389,2899,0.7198309594615746,0.26608232900297385,0.45374863045860075
MI,26121,Muskegon County,47195,45631,94245,1564,0.5007692715793941,0.48417422674942967,0.016595044829964434
MI,26123,Newaygo County,20627,8129,29192,12498,0.7065976979994519,0.2784667032063579,0.428130994793094
MI,26125,Oakland County,337592,419121,771317,-81529,0.43768256112597026,0.543383589367277,-0.10570102824130678
MI,26127,Oceana County,9547,5083,14867,4464,0.6421604896751194,0.3418981637183023,0.3002623259568171
MI,26129,Ogemaw County,8879,3578,12620,5301,0.7035657686212361,0.28351822503961965,0.42004754358161644
MI,26131,Ontonagon County,2479,1313,3841,1166,0.6454048424889351,0.34183806300442593,0.3035667794845092
MI,26133,Osceola County,9639,3326,13184,6313,0.7311134708737864,0.2522754854368932,0.4788379854368932
MI,26135,Oscoda County,3716,1414,5192,2302,0.7157164869029276,0.2723420647149461,0.44337442218798145
MI,26137,Otsego County,10371,4740,15326,5631,0.6766932010961765,0.30927835051546393,0.36741485058071255
MI,26139,Ottawa County,108231,71573,182479,36658,0.5931148241715485,0.3922259547673979,0.20088886940415057
MI,26141,Presque Isle County,5569,3033,8737,2536,0.6374041432986151,0.3471443287169509,0.29025981458166417
MI,26143,Roscommon County,10581,5290,16064,5291,0.6586777888446215,0.3293077689243028,0.32937001992031867
MI,26145,Saginaw County,52907,49498,103815,3409,0.5096277031257526,0.47679044454076963,0.03283725858498293
MI,26147,St. Clair County,64273,30833,96503,33440,0.6660207454690528,0.31950302063148295,0.3465177248375698
MI,26149,St. Joseph County,19402,9451,29305,9951,0.6620713188875619,0.32250469203207643,0.33956662685548544
MI,26151,Sanilac County,17080,5954,23336,11126,0.7319163524168666,0.2551422694549194,0.4767740829619472
MI,26153,Schoolcraft County,3195,1632,4897,1563,0.6524402695527874,0.333265264447621,0.31917500510516644
MI,26155,Shiawassee County,24716,15331,40676,9385,0.6076310355000492,0.37690530042285375,0.2307257350771954
MI,26157,Tuscola County,21764,8557,30711,13207,0.7086711601706229,0.2786298069095764,0.43004135326104653
MI,26159,Van Buren County,23406,17172,41158,6234,0.5686865250984012,0.4172214393313572,0.15146508576704404
MI,26161,Washtenaw County,58798,156964,221062,-98166,0.2659796799088039,0.7100451457057296,-0.44406546579692574
MI,26163,Wayne County,288778,536581,855952,-247803,0.3373763949380339,0.6268821148849468,-0.28950571994691293
MI,26165,Wexford County,12968,6223,19475,6745,0.6658793324775353,0.31953786906290116,0.3463414634146341
MN,27001,Aitkin County,6741,3524,10419,3217,0.6469910739994241,0.33822823687494,0.3087628371244841
MN,27003,Anoka County,106972,97665,209651,9307,0.510238443890084,0.4658456196249958,0.04439282426508817
MN,27005,Becker County,12961,6435,19696,6526,0.6580523964256701,0.32671608448415923,0.3313363119415109
MN,27007,Beltrami County,12897,11493,24806,1404,0.5199145368056115,0.46331532693703137,0.056599209868580136
MN,27009,Benton County,15260,7084,22763,8176,0.670386152967535,0.3112067829372227,0.3591793700303123
MN,27011,Big Stone County,1796,964,2816,832,0.6377840909090909,0.34232954545454547,0.29545454545454547
MN,27013,Blue Earth County,18001,17558,36326,443,0.49554038429774816,0.48334526234652864,0.012195121951219523
MN,27015,Brown County,9692,4576,14526,5116,0.6672174032768828,0.3150213410436459,0.35219606223323696
MN,27017,Carlton County,10435,9905,20746,530,0.5029885279089945,0.4774414344933963,0.025547093415598188
MN,27019,Carver County,35586,31869,68804,3717,0.5172083018429161,0.4631852799255857,0.05402302191733038
MN,27021,Cass County,12759,6300,19316,6459,0.6605404845723752,0.32615448332988195,0.3343860012424933
MN,27023,Chippewa County,4175,2026,6300,2149,0.6626984126984127,0.3215873015873016,0.3411111111111111
MN,27025,Chisago County,23047,11894,35502,11153,0.649174694383415,0.33502337896456535,0.31415131541884966
MN,27027,Clay County,15965,16121,32734,-156,0.487719191055172,0.4924848781083888,-0.004765687053216838
MN,27029,Clearwater County,3575,1168,4804,2407,0.7441715237302248,0.24313072439633637,0.5010407993338883
MN,27031,Cook County,1142,2416,3641,-1274,0.3136500961274375,0.6635539686899203,-0.34990387256248284
MN,27033,Cottonwood County,4157,1705,5965,2452,0.6968985750209555,0.28583403185247275,0.4110645431684828
MN,27035,Crow Wing County,27423,14173,42212,13250,0.6496493887993935,0.3357576044726618,0.3138917843267317
MN,27037,Dakota County,109994,143267,258589,-33273,0.4253622543882377,0.5540336209196833,-0.12867136653144562
MN,27039,Dodge County,8095,4108,12448,3987,0.6503052699228792,0.330012853470437,0.32029241645244216
MN,27041,Douglas County,16726,7938,25019,8788,0.6685319157440346,0.31727886806027417,0.3512530476837604
MN,27043,Faribault County,5247,2352,7739,2895,0.6779945729422406,0.3039152345264246,0.37407933841581603
MN,27045,Fillmore County,7638,4491,12335,3147,0.6192136197811107,0.3640859343331982,0.2551276854479125
MN,27047,Freeborn County,10003,6448,16670,3555,0.6000599880023996,0.3868026394721056,0.213257348530294
MN,27049,Goodhue County,16461,11731,28746,4730,0.5726361928616155,0.40809156056494816,0.16454463229666733
MN,27051,Grant County,2266,1187,3531,1079,0.6417445482866043,0.3361653922401586,0.3055791560464457
MN,27053,Hennepin County,197241,502710,716587,-305469,0.27525059762457316,0.7015337984082882,-0.42628320078371507
MN,27055,Houston County,6547,4667,11394,1880,0.5746006670177286,0.4096015446726347,0.1649991223450939
MN,27057,Hubbard County,8809,4536,13570,4273,0.6491525423728813,0.3342667649226234,0.3148857774502579
MN,27059,Isanti County,18027,7384,25829,10643,0.6979364280459948,0.2858802121646212,0.4120562158813736
MN,27061,Itasca County,15863,10467,26760,5396,0.5927877428998505,0.3911434977578475,0.20164424514200296
MN,27063,Jackson County,3949,1581,5625,2368,0.7020444444444445,0.2810666666666667,0.4209777777777778
MN,27065,Kanabec County,6818,2718,9682,4100,0.7041933484817187,0.2807271224953522,0.42346622598636646
MN,27067,Kandiyohi County,15013,7814,23212,7199,0.6467775288643804,0.33663622264346027,0.3101413062209202
MN,27069,Kittson County,1535,911,2495,624,0.6152304609218436,0.3651302605210421,0.25010020040080155
MN,27071,Koochiching County,4202,2464,6773,1738,0.6204045474678872,0.36379743097593387,0.25660711649195334
MN,27073,Lac qui Parle County,2600,1314,3989,1286,0.6517924291802457,0.3294058661318626,0.3223865630483831
MN,27075,Lake County,3265,3534,6929,-269,0.471207966517535,0.5100303074036657,-0.038822340886130735
MN,27077,Lake of the Woods County,1710,604,2346,1106,0.7289002557544757,0.257459505541347,0.4714407502131287
MN,27079,Le Sueur County,11503,5635,17421,5868,0.6602950462085988,0.3234601917226336,0.3368348544859652
MN,27081,Lincoln County,2190,972,3226,1218,0.6788592684438933,0.3013019218846869,0.3775573465592064
MN,27083,Lyon County,8400,4284,12946,4116,0.6488490653483702,0.33091302332766875,0.3179360420207014
MN,27085,McLeod County,14394,6374,21131,8020,0.6811793100184563,0.3016421371444797,0.37953717287397665
MN,27087,Mahnomen County,1165,975,2176,190,0.5353860294117647,0.44806985294117646,0.08731617647058826
MN,27089,Marshall County,3774,1177,5024,2597,0.7511942675159236,0.23427547770700638,0.5169187898089171
MN,27091,Martin County,7442,3171,10765,4271,0.6913144449605202,0.294565722248026,0.3967487227124942
MN,27093,Meeker County,9645,3802,13647,5843,0.706748735985931,0.27859602843115705,0.42815270755477397
MN,27095,Mille Lacs County,10568,4373,15160,6195,0.6970976253298153,0.2884564643799472,0.40864116094986813
MN,27097,Morrison County,15666,4306,20272,11360,0.7727900552486188,0.21241120757695342,0.5603788476716653
MN,27099,Mower County,10297,8312,18926,1985,0.5440663637324316,0.4391841910599176,0.10488217267251398
MN,27101,Murray County,3346,1329,4755,2017,0.7036803364879075,0.27949526813880127,0.42418506834910624
MN,27103,Nicollet County,9540,9441,19354,99,0.49292135992559677,0.4878061382659915,0.005115221659605262
MN,27105,Nobles County,5541,2599,8258,2942,0.6709857108258658,0.31472511503996126,0.3562605957859045
MN,27107,Norman County,1963,1232,3284,731,0.5977466504263094,0.3751522533495737,0.22259439707673567
MN,27109,Olmsted County,39467,49121,90524,-9654,0.4359838274932615,0.5426295788962043,-0.10664575140294286
MN,27111,Otter Tail County,24276,11752,36608,12524,0.6631337412587412,0.3210227272727273,0.34211101398601396
MN,27113,Pennington County,4756,2439,7361,2317,0.6461078657791061,0.331340850427931,0.3147670153511751
MN,27115,Pine County,11274,5339,16876,5935,0.6680493007821758,0.3163664375444418,0.351682863237734
MN,27117,Pipestone County,3537,1215,4828,2322,0.7326014913007457,0.2516570008285004,0.4809444904722453
MN,27119,Polk County,10162,4967,15387,5195,0.6604276337167739,0.32280496523038926,0.33762266848638467
MN,27121,Pope County,4677,2398,7191,2279,0.6503963287442637,0.33347239605061885,0.3169239326936448
MN,27123,Ramsey County,75282,195165,276731,-119883,0.27204035688086986,0.7052516703947155,-0.4332113135138456
MN,27125,Red Lake County,1425,642,2110,783,0.6753554502369669,0.3042654028436019,0.371090047393365
MN,27127,Redwood County,5895,2300,8299,3595,0.7103265453669116,0.27714182431618267,0.43318472105072897
MN,27129,Renville County,5610,2280,8042,3330,0.69758766476001,0.2835115642874907,0.4140761004725193
MN,27131,Rice County,18264,17353,36284,911,0.503362363576232,0.47825487818322127,0.02510748539301072
MN,27133,Rock County,3690,1585,5361,2105,0.6883044208170117,0.2956537959335945,0.39265062488341723
MN,27135,Roseau County,6279,2093,8486,4186,0.7399245816639171,0.24664152722130567,0.4932830544426114
MN,27137,St. Louis County,50066,66336,118589,-16270,0.42218080934993973,0.5593773452849758,-0.1371965359350361
MN,27139,Scott County,47836,40214,89805,7622,0.532665219085797,0.4477924391737654,0.08487277991203163
MN,27141,Sherburne County,38491,18329,57777,20162,0.6661993526835939,0.31723696280526853,0.34896238987832534
MN,27143,Sibley County,6014,2351,8512,3663,0.7065319548872181,0.2761983082706767,0.4303336466165414
MN,27145,Stearns County,53932,30829,86360,23103,0.6245020842982862,0.35698239925891617,0.26751968503937007
MN,27147,Steele County,12742,7650,20809,5092,0.6123312028449228,0.36762939112883847,0.24470181171608435
MN,27149,Stevens County,3213,1826,5121,1387,0.6274165202108963,0.3565709822300332,0.27084553798086314
MN,27151,Swift County,3340,1618,5041,1722,0.6625669510017853,0.32096806189248167,0.34159888910930364
MN,27153,Todd County,10392,3072,13672,7320,0.7600936220011703,0.22469280280866002,0.5354008191925103
MN,27155,Traverse County,1165,596,1800,569,0.6472222222222223,0.33111111111111113,0.3161111111111111
MN,27157,Wabasha County,8523,4721,13481,3802,0.6322231288480084,0.3501965729545286,0.28202655589347975
MN,27159,Wadena County,6028,1898,8024,4130,0.751246261216351,0.23654037886340978,0.5147058823529411
MN,27161,Waseca County,6770,3402,10361,3368,0.6534118328346684,0.32834668468294564,0.32506514815172277
MN,27163,Washington County,75271,90324,168743,-15053,0.44606887396810535,0.5352755373556236,-0.08920666338751826
MN,27165,Watonwan County,3087,1723,4910,1364,0.6287169042769858,0.3509164969450102,0.2778004073319756
MN,27167,Wilkin County,2290,986,3343,1304,0.6850134609632067,0.29494466048459467,0.39006880047861203
MN,27169,Winona County,14288,12929,27721,1359,0.5154215215901302,0.4663973161141373,0.0490242054759929
MN,27171,Wright County,57210,30883,89699,26327,0.6377997525056021,0.34429592303147194,0.2935038294741301
MN,27173,Yellow Medicine County,3738,1548,5391,2190,0.6933778519755147,0.2871452420701169,0.40623260990539783
MS,28001,Adams County,3907,5153,9135,-1246,0.427695675971538,0.5640941434044883,-0.13639846743295025
MS,28003,Alcorn County,12647,2324,15098,10323,0.8376606173003047,0.1539276725394092,0.6837329447608955
MS,28005,Amite County,4443,2230,6792,2213,0.6541519434628975,0.3283274440518257,0.32582449941107183
MS,28007,Attala County,3857,2311,6212,1546,0.6208950418544752,0.37202189311010947,0.24887314874436572
MS,28009,Benton County,2526,1314,3867,1212,0.6532195500387897,0.33979829325058186,0.31342125678820787
MS,28011,Bolivar County,3874,6343,10289,-2469,0.3765186121100204,0.6164836232870056,-0.23996501117698515
MS,28013,Calhoun County,4413,1530,5986,2883,0.7372201804209823,0.25559639158035413,0.4816237888406281
MS,28015,Carroll County,3056,1157,4241,1899,0.7205847677434567,0.2728130157981608,0.4477717519452959
MS,28017,Chickasaw County,4017,3054,7135,963,0.562999299229152,0.42803083391730906,0.13496846531184298
MS,28019,Choctaw County,2847,950,3840,1897,0.74140625,0.24739583333333334,0.4940104166666667
MS,28021,Claiborne County,550,2880,3462,-2330,0.1588677065280185,0.8318890814558059,-0.6730213749277874
MS,28023,Clarke County,5042,2403,7492,2639,0.6729845168179391,0.32074212493326215,0.352242391884677
MS,28025,Clay County,3979,4924,8981,-945,0.4430464313550829,0.5482685669747244,-0.10522213561964144
MS,28027,Coahoma County,1539,4088,5684,-2549,0.2707600281491907,0.7192118226600985,-0.44845179451090783
MS,28029,Copiah County,5170,4663,9931,507,0.5205920853891853,0.4695398247910583,0.05105226059812701
MS,28031,Covington County,5790,2906,8766,2884,0.6605065023956195,0.3315080994752453,0.3289984029203742
MS,28033,DeSoto County,47656,28663,78302,18993,0.6086179152512069,0.3660570611223213,0.24256085412888562
MS,28035,Forrest County,16106,10973,27483,5133,0.5860350034566824,0.3992650001819307,0.18677000327475168
MS,28037,Franklin County,2780,1205,4006,1575,0.6939590614078882,0.30079880179730406,0.39316025961058415
MS,28039,George County,9712,1116,10900,8596,0.8910091743119266,0.10238532110091743,0.7886238532110091
MS,28041,Greene County,4769,833,5640,3936,0.8455673758865249,0.1476950354609929,0.6978723404255319
MS,28043,Grenada County,5564,3970,9587,1594,0.580369250026077,0.4141024303744654,0.16626681965161155
MS,28045,Hancock County,16628,4247,21104,12381,0.7879075056861259,0.20124147081122062,0.5866660348749053
MS,28047,Harrison County,48414,26429,75711,21985,0.6394579387407378,0.3490774127933854,0.29038052594735236
MS,28049,Hinds County,18583,53953,73592,-35370,0.2525138602021959,0.7331367539949994,-0.48062289379280354
MS,28051,Holmes County,1096,4638,5790,-3542,0.18929188255613127,0.8010362694300518,-0.6117443868739205
MS,28053,Humphreys County,982,2426,3443,-1444,0.28521638106302644,0.7046180656404298,-0.4194016845774034
MS,28055,Issaquena County,287,278,570,9,0.5035087719298246,0.48771929824561405,0.01578947368421052
MS,28057,Itawamba County,9522,1027,10620,8495,0.8966101694915254,0.09670433145009416,0.7999058380414312
MS,28059,Jackson County,35739,15180,51467,20559,0.6944061243126664,0.29494627625468745,0.3994598480579789
MS,28061,Jasper County,4097,3708,7855,389,0.5215786123488224,0.4720560152768937,0.04952259707192869
MS,28063,Jefferson County,539,2726,3296,-2187,0.16353155339805825,0.8270631067961165,-0.6635315533980582
MS,28065,Jefferson Davis County,2276,3003,5314,-727,0.42830259691381256,0.5651110274745954,-0.13680843056078285
MS,28067,Jones County,20180,7217,27613,12963,0.7308151957411364,0.26136240176728354,0.46945279397385287
MS,28069,Kemper County,1489,1993,3495,-504,0.42603719599427753,0.5702432045779685,-0.14420600858369098
MS,28071,Lafayette County,13792,8768,22951,5024,0.6009324212452617,0.3820312840399111,0.2189011372053506
MS,28073,Lamar County,20574,6958,27887,13616,0.7377631154301287,0.2495069387169649,0.48825617671316385
MS,28075,Lauderdale County,14418,8968,23599,5450,0.6109580914445527,0.3800161023772194,0.23094198906733332
MS,28077,Lawrence County,4055,1881,5977,2174,0.6784339969884557,0.31470637443533545,0.3637276225531203
MS,28079,Leake County,5095,3138,8284,1957,0.6150410429744085,0.37880251086431677,0.23623853211009177
MS,28081,Lee County,22920,9719,32994,13201,0.6946717585015457,0.2945687094623265,0.4001030490392192
MS,28083,Leflore County,2371,5267,7725,-2896,0.3069255663430421,0.6818122977346278,-0.37488673139158574
MS,28085,Lincoln County,11250,4169,15523,7081,0.7247310442569092,0.2685692198672937,0.45616182438961544
MS,28087,Lowndes County,12118,9453,21797,2665,0.5559480662476488,0.4336835344313438,0.12226453181630503
MS,28089,Madison County,25031,18409,44039,6622,0.5683825699947773,0.4180158495878653,0.150366720406912
MS,28091,Marion County,7759,3176,11034,4583,0.7031901395686061,0.28783759289468913,0.41535254667391697
MS,28093,Marshall County,7924,6837,14878,1087,0.5325984675359592,0.4595375722543353,0.0730608952816239
MS,28095,Monroe County,9633,4262,13996,5371,0.6882680765933124,0.3045155758788225,0.38375250071448985
MS,28097,Montgomery County,2675,1753,4457,922,0.6001794929324658,0.39331388826564956,0.2068656046668162
MS,28099,Neshoba County,8086,2595,10765,5491,0.7511379470506271,0.24105898745935903,0.510078959591268
MS,28101,Newton County,5824,2296,8191,3528,0.7110242949578806,0.2803076547430106,0.43071664021486994
MS,28103,Noxubee County,970,2616,3614,-1646,0.26840066408411734,0.7238516878804648,-0.4554510237963475
MS,28105,Oktibbeha County,7235,7448,14941,-213,0.48423800281105683,0.4984940767016933,-0.01425607389063649
MS,28107,Panola County,6778,5025,11946,1753,0.5673865729114348,0.42064289301858365,0.14674367989285114
MS,28109,Pearl River County,20074,3890,24210,16184,0.8291615035109459,0.16067740603056588,0.66848409748038
MS,28111,Perry County,4381,1059,5476,3322,0.800036523009496,0.19338933528122718,0.6066471877282689
MS,28113,Pike County,7865,7294,15296,571,0.5141867154811716,0.4768566945606695,0.03733002092050208
MS,28115,Pontotoc County,11596,2166,13870,9430,0.8360490266762798,0.15616438356164383,0.6798846431146359
MS,28117,Prentiss County,8487,1698,10257,6789,0.8274349224919567,0.16554548113483475,0.6618894413571219
MS,28119,Quitman County,898,1721,2669,-823,0.3364556013488198,0.6448107905582615,-0.3083551892094417
MS,28121,Rankin County,48326,17303,66324,31023,0.7286351848501297,0.2608859538025451,0.4677492310475846
MS,28123,Scott County,5449,3112,8617,2337,0.6323546477892538,0.3611465707322734,0.27120807705698036
MS,28125,Sharkey County,549,1195,1758,-646,0.3122866894197952,0.679749715585893,-0.36746302616609783
MS,28127,Simpson County,6407,3059,9525,3348,0.6726509186351706,0.32115485564304463,0.35149606299212593
MS,28129,Smith County,6071,1458,7573,4613,0.8016638056252476,0.19252607949293543,0.6091377261323122
MS,28131,Stone County,6127,1586,7796,4541,0.7859158542842484,0.2034376603386352,0.5824781939456132
MS,28133,Sunflower County,2470,5170,7688,-2700,0.3212799167533819,0.6724765868886576,-0.3511966701352757
MS,28135,Tallahatchie County,2331,2622,5002,-291,0.4660135945621751,0.5241903238704518,-0.05817672930827672
MS,28137,Tate County,9180,3551,12852,5629,0.7142857142857143,0.2762994086523498,0.4379863056333645
MS,28139,Tippah County,7812,1500,9372,6312,0.8335467349551856,0.16005121638924455,0.673495518565941
MS,28141,Tishomingo County,8006,917,8987,7089,0.8908423278068321,0.10203627461889396,0.7888060531879382
MS,28143,Tunica County,782,1785,2598,-1003,0.3010007698229407,0.687066974595843,-0.38606620477290227
MS,28145,Union County,9148,1498,10746,7650,0.8512935045598362,0.13940070723990322,0.7118927973199329
MS,28147,Walthall County,3209,1945,5205,1264,0.6165225744476465,0.37367915465898177,0.2428434197886647
MS,28149,Warren County,9145,8293,17640,852,0.5184240362811792,0.47012471655328797,0.0482993197278912
MS,28151,Washington County,3584,6730,10424,-3146,0.34382194934765925,0.6456254796623178,-0.3018035303146585
MS,28153,Wayne County,5971,3008,9057,2963,0.6592690736446947,0.33211880313569614,0.32715027050899853
MS,28155,Webster County,4192,871,5091,3321,0.823413867609507,0.17108623060302494,0.652327637006482
MS,28157,Wilkinson County,1075,1817,2931,-742,0.36676902081200957,0.6199249402934153,-0.2531559194814057
MS,28159,Winston County,4892,3362,8322,1530,0.5878394616678683,0.4039894256188416,0.18385003604902667
MS,28161,Yalobusha County,3498,2276,5845,1222,0.5984602224123182,0.38939264328485884,0.20906757912745938
MS,28163,Yazoo County,4193,3792,8048,401,0.5209990059642147,0.4711729622266402,0.04982604373757449
MO,29001,Adair County,6728,3295,10150,3433,0.6628571428571428,0.3246305418719212,0.3382266009852216
MO,29003,Andrew County,7401,2312,9840,5089,0.7521341463414634,0.23495934959349593,0.5171747967479674
MO,29005,Atchison County,2152,529,2713,1623,0.7932178400294877,0.19498709915223,0.5982307408772577
MO,29007,Audrain County,7699,2688,10519,5011,0.7319136800076053,0.2555375986310486,0.4763760813765567
MO,29009,Barry County,13138,2873,16160,10265,0.8129950495049505,0.17778465346534653,0.6352103960396039
MO,29011,Barton County,5159,820,6014,4339,0.8578317259727303,0.13634852011972065,0.7214832058530096
MO,29013,Bates County,6702,1563,8340,5139,0.8035971223021583,0.18741007194244605,0.6161870503597122
MO,29015,Benton County,8526,2166,10769,6360,0.7917169653635435,0.20113288141888755,0.590584083944656
MO,29017,Bollinger County,5365,756,6161,4609,0.8708001947735757,0.12270735270248337,0.7480928420710924
MO,29019,Boone County,39673,48452,89978,-8779,0.4409188912845362,0.5384871857565182,-0.09756829447198201
MO,29021,Buchanan County,22606,12598,35737,10008,0.6325656882222906,0.352519797408848,0.28004589081344267
MO,29023,Butler County,14548,3160,17858,11388,0.814648896852951,0.17695150632769627,0.6376973905252548
MO,29025,Caldwell County,3769,888,4701,2881,0.8017443097213359,0.18889597957881302,0.6128483301425229
MO,29027,Callaway County,15206,5926,21447,9280,0.709003590245722,0.2763090408915,0.432694549354222
MO,29029,Camden County,19597,5724,25548,13873,0.7670659151401283,0.22404884922498824,0.5430170659151401
MO,29031,Cape Girardeau County,29315,10561,40336,18754,0.7267701309004363,0.2618256644188814,0.4649444664815549
MO,29033,Carroll County,3702,788,4521,2914,0.8188453881884539,0.17429772174297722,0.6445476664454767
MO,29035,Carter County,2480,364,2854,2116,0.8689558514365803,0.12754029432375613,0.7414155571128241
MO,29037,Cass County,38792,19753,59327,19039,0.6538675476595817,0.3329512700793905,0.32091627758019114
MO,29039,Cedar County,6058,1060,7181,4998,0.8436150953906141,0.1476117532377106,0.6960033421529035
MO,29041,Chariton County,3178,875,4087,2303,0.7775874724736971,0.21409346709077562,0.5634940053829215
MO,29043,Christian County,38379,11850,50770,26529,0.7559385463856608,0.23340555446129604,0.5225329919243648
MO,29045,Clark County,2679,628,3333,2051,0.8037803780378038,0.18841884188418842,0.6153615361536153
MO,29047,Clay County,67688,60345,130063,7343,0.5204247172524085,0.4639674619222992,0.05645725533010926
MO,29049,Clinton County,8235,2855,11228,5380,0.7334342714641966,0.254275026718917,0.4791592447452796
MO,29051,Cole County,26686,12874,40128,13812,0.6650219298245614,0.32082336523126,0.34419856459330145
MO,29053,Cooper County,6393,2347,8833,4046,0.7237631608739953,0.2657081399298087,0.4580550209441866
MO,29055,Crawford County,8742,2007,10829,6735,0.8072767568565888,0.1853356727306307,0.6219410841259582
MO,29057,Dade County,3480,671,4185,2809,0.8315412186379928,0.16033452807646356,0.6712066905615293
MO,29059,Dallas County,6896,1454,8425,5442,0.8185163204747774,0.17258160237388723,0.6459347181008902
MO,29061,Daviess County,3185,701,3925,2484,0.8114649681528663,0.1785987261146497,0.6328662420382166
MO,29063,DeKalb County,3885,870,4814,3015,0.8070211882010802,0.18072289156626506,0.6262982966348151
MO,29065,Dent County,6013,1025,7103,4988,0.8465437139236942,0.14430522314514993,0.7022384907785443
MO,29067,Douglas County,6242,995,7288,5247,0.856476399560922,0.1365257958287596,0.7199506037321625
MO,29069,Dunklin County,8096,1885,10051,6211,0.8054919908466819,0.18754352800716348,0.6179484628395184
MO,29071,Franklin County,40126,14694,55454,25432,0.7235907238431853,0.2649763768168211,0.4586143470263642
MO,29073,Gasconade County,6369,1555,7995,4814,0.7966228893058162,0.1944965603502189,0.6021263289555973
MO,29075,Gentry County,2651,616,3292,2035,0.8052855407047388,0.18712029161603888,0.6181652490887
MO,29077,Greene County,85404,55404,142808,30000,0.5980337236009187,0.3879614587418072,0.21007226485911146
MO,29079,Grundy County,3569,783,4386,2786,0.8137254901960784,0.17852257181942544,0.635202918376653
MO,29081,Harrison County,3292,534,3844,2758,0.8563995837669095,0.1389177939646202,0.7174817898022893
MO,29083,Henry County,8286,2535,10932,5751,0.7579582875960483,0.2318880351262349,0.5260702524698134
MO,29085,Hickory County,4095,977,5106,3118,0.8019976498237368,0.19134351743047395,0.6106541323932628
MO,29087,Holt County,1979,356,2348,1623,0.8428449744463373,0.151618398637138,0.6912265758091993
MO,29089,Howard County,3534,1341,4955,2193,0.7132189707366297,0.27063572149344095,0.4425832492431887
MO,29091,Howell County,15716,3064,18937,12652,0.8299097005861541,0.16179965147594655,0.6681100491102075
MO,29093,Iron County,3644,824,4517,2820,0.8067301306176666,0.18242196147885764,0.624308169138809
MO,29095,Jackson County,125610,187026,317702,-61416,0.3953705044349737,0.5886837350724893,-0.1933132306375156
MO,29097,Jasper County,39084,13943,53756,25141,0.7270630255227324,0.2593756975965474,0.467687327926185
MO,29099,Jefferson County,80796,36965,119287,43831,0.6773244360240429,0.30988288748983545,0.36744154853420746
MO,29101,Johnson County,16298,6960,23591,9338,0.6908566826332075,0.2950277648255691,0.39582891780763846
MO,29103,Knox County,1478,311,1809,1167,0.8170259812050856,0.17191818684355997,0.6451077943615257
MO,29105,Laclede County,14155,2756,17076,11399,0.8289412040290466,0.1613961115015226,0.6675450925275239
MO,29107,Lafayette County,12720,4294,17244,8426,0.7376478775226165,0.2490141498492229,0.48863372767339364
MO,29109,Lawrence County,14987,3245,18400,11742,0.8145108695652173,0.1763586956521739,0.6381521739130435
MO,29111,Lewis County,3537,866,4450,2671,0.7948314606741573,0.1946067415730337,0.6002247191011236
MO,29113,Lincoln County,24866,6908,32129,17958,0.7739425441190202,0.215008248000249,0.5589342961187712
MO,29115,Linn County,4431,1182,5677,3249,0.7805178791615289,0.20820856085960895,0.57230931830192
MO,29117,Livingston County,5391,1422,6867,3969,0.7850589777195282,0.20707732634338138,0.5779816513761468
MO,29119,McDonald County,7843,1423,9338,6420,0.8399014778325123,0.1523880916684515,0.6875133861640609
MO,29121,Macon County,6286,1479,7822,4807,0.803630784965482,0.18908207619534645,0.6145487087701356
MO,29123,Madison County,4721,986,5753,3735,0.8206153311315835,0.17138884060490178,0.6492264905266817
MO,29125,Maries County,3986,755,4785,3231,0.8330198537095089,0.15778474399164055,0.6752351097178684
MO,29127,Marion County,9985,3025,13135,6960,0.7601827179291968,0.23030072325846973,0.529881994670727
MO,29129,Mercer County,1545,235,1792,1310,0.8621651785714286,0.13113839285714285,0.7310267857142858
MO,29131,Miller County,10822,2066,13004,8756,0.8322054752383882,0.15887419255613658,0.6733312826822516
MO,29133,Mississippi County,3404,1015,4449,2389,0.7651157563497415,0.22814115531580131,0.5369746010339402
MO,29135,Moniteau County,5870,1309,7262,4561,0.8083172679702562,0.18025337372624622,0.62806389424401
MO,29137,Monroe County,3472,856,4371,2616,0.7943262411347518,0.1958361930908259,0.5984900480439259
MO,29139,Montgomery County,4759,1165,5974,3594,0.7966186809507867,0.19501171744224974,0.6016069635085369
MO,29141,Morgan County,7725,1914,9733,5811,0.7936915647796158,0.1966505702250077,0.597040994554608
MO,29143,New Madrid County,5203,1561,6811,3642,0.7639113199236529,0.22918807810894143,0.5347232418147114
MO,29145,Newton County,22889,5846,29028,17043,0.7885145376877497,0.20139175968030867,0.5871227780074411
MO,29147,Nodaway County,6909,2674,9682,4235,0.7135922330097088,0.27618260689940094,0.4374096261103078
MO,29149,Oregon County,3882,696,4609,3186,0.8422651334345845,0.15100889563896724,0.6912562377956173
MO,29151,Osage County,6657,1009,7725,5648,0.8617475728155339,0.1306148867313916,0.7311326860841423
MO,29153,Ozark County,4044,698,4779,3346,0.8462021343377275,0.14605566017995397,0.7001464741577735
MO,29155,Pemiscot County,3870,1302,5194,2568,0.745090489025799,0.25067385444743934,0.49441663457835966
MO,29157,Perry County,7946,1752,9777,6194,0.8127237393883604,0.1791960724148512,0.6335276669735093
MO,29159,Pettis County,13900,4699,18866,9201,0.7367751510654087,0.2490724053853493,0.4877027456800594
MO,29161,Phelps County,13658,5379,19294,8279,0.7078884627345289,0.27879133409350054,0.42909712864102834
MO,29163,Pike County,6151,1618,7824,4533,0.7861707566462167,0.20679959100204498,0.5793711656441718
MO,29165,Platte County,29381,27566,57787,1815,0.5084361534601208,0.47702770519320953,0.031408448266911304
MO,29167,Polk County,12678,2943,15799,9735,0.8024558516361795,0.18627761250712072,0.6161782391290588
MO,29169,Pulaski County,11579,3765,15545,7814,0.7448697330331296,0.24220006432936636,0.5026696687037633
MO,29171,Putnam County,2020,346,2378,1674,0.8494533221194281,0.1455004205214466,0.7039529015979815
MO,29173,Ralls County,4572,1152,5772,3420,0.7920997920997921,0.1995841995841996,0.5925155925155925
MO,29175,Randolph County,8322,2571,11025,5751,0.7548299319727891,0.23319727891156464,0.5216326530612245
MO,29177,Ray County,8602,2927,11662,5675,0.7376093294460642,0.25098610872920596,0.4866232207168582
MO,29179,Reynolds County,2556,471,3052,2085,0.8374836173001311,0.15432503276539974,0.6831585845347313
MO,29181,Ripley County,5000,763,5802,4237,0.8617718028266115,0.13150637711134092,0.7302654257152705
MO,29183,St. Charles County,130588,92226,226052,38362,0.5776900890060694,0.4079857731849309,0.16970431582113854
MO,29185,St. Clair County,3982,959,4987,3023,0.7984760376980148,0.19229997994786444,0.6061760577501504
MO,29186,Ste. Genevieve County,7031,2629,9775,4402,0.7192838874680307,0.26895140664961636,0.45033248081841437
MO,29187,St. Francois County,21521,6811,28614,14710,0.7521143496190675,0.2380303348011463,0.5140840148179212
MO,29189,St. Louis County,187982,305635,502356,-117653,0.37420076599065205,0.6084032041022701,-0.23420243811161806
MO,29195,Saline County,6489,2718,9313,3771,0.6967679587673145,0.29185010200794587,0.4049178567593686
MO,29197,Schuyler County,1588,334,1945,1254,0.8164524421593831,0.17172236503856042,0.6447300771208226
MO,29199,Scotland County,1537,358,1918,1179,0.8013555787278415,0.18665276329509906,0.6147028154327424
MO,29201,Scott County,13783,3524,17414,10259,0.7914896060640864,0.2023659124842081,0.5891236935798783
MO,29203,Shannon County,3363,624,4011,2739,0.8384442782348541,0.15557217651458488,0.6828721017202692
MO,29205,Shelby County,2690,549,3260,2141,0.8251533742331288,0.16840490797546012,0.6567484662576687
MO,29207,Stoddard County,11783,1736,13599,10047,0.866460769174204,0.12765644532686227,0.7388043238473417
MO,29209,Stone County,15357,3620,19122,11737,0.8031063696266081,0.18931074155423072,0.6137956280723773
MO,29211,Sullivan County,2039,407,2466,1632,0.8268450932684509,0.16504460665044607,0.6618004866180048
MO,29213,Taney County,21236,5329,26811,15907,0.7920629592331506,0.198761702286375,0.5933012569467756
MO,29215,Texas County,9855,1589,11525,8266,0.8550976138828633,0.13787418655097614,0.7172234273318872
MO,29217,Vernon County,7112,1774,8973,5338,0.7926000222890895,0.1977042237824585,0.594895798506631
MO,29219,Warren County,14915,4970,20094,9945,0.7422613715536976,0.24733751368567733,0.4949238578680203
MO,29221,Washington County,8424,1747,10235,6677,0.8230581338544211,0.17068881289692234,0.6523693209574988
MO,29223,Wayne County,5024,781,5839,4243,0.8604213050179825,0.1337557800993321,0.7266655249186504
MO,29225,Webster County,15951,3647,19769,12304,0.8068693408872477,0.18448075269361122,0.6223885881936365
MO,29227,Worth County,904,190,1105,714,0.8180995475113122,0.17194570135746606,0.6461538461538461
MO,29229,Wright County,7843,1056,8970,6787,0.8743589743589744,0.1177257525083612,0.7566332218506131
MO,29510,St. Louis city,19342,94458,116082,-75116,0.16662359366654605,0.8137178890784101,-0.6470942954118641
MT,30001,Beaverhead County,4058,1543,5794,2515,0.7003797031411805,0.26630997583707283,0.43406972730410764
MT,30003,Big Horn County,2187,2111,4468,76,0.48948075201432406,0.4724709042076992,0.017009847806624845
MT,30005,Blaine County,1526,1348,3019,178,0.5054653858893673,0.44650546538588937,0.058959920503477925
MT,30007,Broadwater County,3770,885,4810,2885,0.7837837837837838,0.183991683991684,0.5997920997920998
MT,30009,Carbon County,4719,2353,7297,2366,0.6467041249828697,0.322461285459778,0.3242428395230917
MT,30011,Carter County,760,75,854,685,0.8899297423887588,0.08782201405152225,0.8021077283372365
MT,30013,Cascade County,22152,13879,37162,8273,0.5960927829503256,0.3734729024272106,0.22261988052311504
MT,30015,Chouteau County,1885,940,2934,945,0.6424676209952284,0.3203817314246762,0.3220858895705522
MT,30017,Custer County,4208,1385,5797,2823,0.7258927031223047,0.23891668104191824,0.4869760220803865
MT,30019,Daniels County,778,154,951,624,0.8180862250262881,0.1619348054679285,0.6561514195583596
MT,30021,Dawson County,3627,894,4638,2733,0.7820181112548512,0.1927554980595084,0.5892626131953428
MT,30023,Deer Lodge County,2329,2376,4870,-47,0.4782340862422998,0.4878850102669405,-0.009650924024640684
MT,30025,Fallon County,1303,163,1507,1140,0.8646317186463172,0.10816191108161911,0.7564698075646981
MT,30027,Fergus County,4965,1522,6712,3443,0.739719904648391,0.2267580452920143,0.5129618593563767
MT,30029,Flathead County,41390,20062,63140,21328,0.6555273994298385,0.31773835920177385,0.33778904022806466
MT,30031,Gallatin County,32695,34938,69897,-2243,0.46775970356381535,0.4998497789604704,-0.03209007539665504
MT,30033,Garfield County,756,39,800,717,0.945,0.04875,0.89625
MT,30035,Glacier County,1939,2933,5078,-994,0.3818432453721938,0.5775896022055927,-0.19574635683339897
MT,30037,Golden Valley County,440,67,515,373,0.8543689320388349,0.13009708737864079,0.7242718446601941
MT,30039,Granite County,1537,579,2176,958,0.7063419117647058,0.26608455882352944,0.4402573529411764
MT,30041,Hill County,3868,2626,6793,1242,0.5694096864419255,0.38657441483880467,0.1828352716031208
MT,30043,Jefferson County,5544,2516,8291,3028,0.6686768785429984,0.3034615848510433,0.3652152936919551
MT,30045,Judith Basin County,1051,265,1353,786,0.7767923133776792,0.1958610495195861,0.580931263858093
MT,30047,Lake County,9880,6510,16910,3370,0.5842696629213483,0.38497930218805443,0.19929036073329387
MT,30049,Lewis and Clark County,21479,19085,42023,2394,0.5111248601956072,0.45415605739713966,0.056968802798467555
MT,30051,Liberty County,752,214,988,538,0.7611336032388664,0.2165991902834008,0.5445344129554656
MT,30053,Lincoln County,8909,2615,11789,6294,0.7557044702688948,0.2218169480023751,0.5338875222665197
MT,30055,McCone County,931,129,1082,802,0.8604436229205176,0.11922365988909427,0.7412199630314233
MT,30057,Madison County,4581,1675,6412,2906,0.7144416718652526,0.2612289457267623,0.45321272613849034
MT,30059,Meagher County,888,256,1172,632,0.757679180887372,0.21843003412969283,0.5392491467576791
MT,30061,Mineral County,2049,689,2833,1360,0.723261560183551,0.2432050829509354,0.48005647723261563
MT,30063,Missoula County,27306,42903,72773,-15597,0.3752215794319322,0.5895455732208374,-0.21432399378890526
MT,30065,Musselshell County,2550,396,3012,2154,0.8466135458167331,0.13147410358565736,0.7151394422310757
MT,30067,Park County,6128,5224,11717,904,0.5230007681147051,0.4458479132883844,0.07715285482632067
MT,30069,Petroleum County,284,37,324,247,0.8765432098765432,0.11419753086419752,0.7623456790123457
MT,30071,Phillips County,1753,385,2189,1368,0.8008222932846049,0.17587939698492464,0.6249428962996803
MT,30073,Pondera County,1972,782,2852,1190,0.6914446002805049,0.27419354838709675,0.41725105189340816
MT,30075,Powder River County,963,131,1106,832,0.8707052441229657,0.11844484629294756,0.7522603978300181
MT,30077,Powell County,2643,729,3483,1914,0.7588285960378983,0.20930232558139536,0.5495262704565029
MT,30079,Prairie County,546,122,688,424,0.7936046511627907,0.17732558139534885,0.6162790697674418
MT,30081,Ravalli County,20617,8485,29904,12132,0.6894395398608881,0.28374130551096843,0.4056982343499197
MT,30083,Richland County,4387,778,5309,3609,0.8263326426822377,0.14654360519871915,0.6797890374835186
MT,30085,Roosevelt County,2055,1680,3914,375,0.525038323965253,0.4292284108329075,0.09580991313234544
MT,30087,Rosebud County,2466,1095,3693,1371,0.6677497969130788,0.2965069049553209,0.3712428919577579
MT,30089,Sanders County,6150,1705,8069,4445,0.762176230016111,0.21130251580121454,0.5508737142148965
MT,30091,Sheridan County,1321,509,1912,812,0.6908995815899581,0.2662133891213389,0.4246861924686192
MT,30093,Silver Bow County,8110,9386,18226,-1276,0.44496872599583015,0.514978601997147,-0.0700098760013168
MT,30095,Stillwater County,4696,1055,5902,3641,0.7956624872924433,0.17875296509657743,0.6169095221958658
MT,30097,Sweet Grass County,1789,525,2381,1264,0.751364972700546,0.22049559008819825,0.5308693826123478
MT,30099,Teton County,2533,927,3568,1606,0.7099215246636771,0.25980941704035876,0.4501121076233183
MT,30101,Toole County,1571,415,2046,1156,0.7678396871945259,0.20283479960899314,0.5650048875855327
MT,30103,Treasure County,367,57,442,310,0.830316742081448,0.12895927601809956,0.7013574660633485
MT,30105,Valley County,3019,935,4079,2084,0.7401323853885756,0.22922284873743565,0.51090953665114
MT,30107,Wheatland County,840,209,1083,631,0.775623268698061,0.19298245614035087,0.58264081255771
MT,30109,Wibaux County,463,71,546,392,0.847985347985348,0.13003663003663005,0.717948717948718
MT,30111,Yellowstone County,50460,28394,81393,22066,0.6199550329880948,0.34885063826127555,0.2711043947268193
NE,31001,Adams County,10077,4100,14364,5977,0.7015455304928989,0.2854358117516012,0.4161097187412977
NE,31003,Antelope County,3032,396,3447,2636,0.8796054540179866,0.11488250652741515,0.7647229474905715
NE,31005,Arthur County,264,17,282,247,0.9361702127659575,0.06028368794326241,0.875886524822695
NE,31007,Banner County,348,34,386,314,0.9015544041450777,0.08808290155440414,0.8134715025906736
NE,31009,Blaine County,250,37,291,213,0.8591065292096219,0.12714776632302405,0.7319587628865979
NE,31011,Boone County,2499,496,3031,2003,0.8244803695150116,0.16364236225668097,0.6608380072583306
NE,31013,Box Butte County,3827,1043,4931,2784,0.7761103224498074,0.21151896167106063,0.5645913607787467
NE,31015,Boyd County,938,132,1075,806,0.8725581395348837,0.12279069767441861,0.7497674418604651
NE,31017,Brown County,1428,201,1642,1227,0.8696711327649208,0.12241169305724726,0.7472594397076735
NE,31019,Buffalo County,17066,6388,23763,10678,0.7181753145646593,0.268821276774818,0.44935403778984134
NE,31021,Burt County,2632,983,3656,1649,0.7199124726477024,0.2688730853391685,0.45103938730853393
NE,31023,Butler County,3642,906,4587,2736,0.7939829954218444,0.197514715500327,0.5964682799215173
NE,31025,Cass County,10685,4824,15755,5861,0.6781973976515392,0.30618851158362426,0.37200888606791493
NE,31027,Cedar County,4141,702,4912,3439,0.8430374592833876,0.14291530944625408,0.7001221498371335
NE,31029,Chase County,1637,200,1851,1437,0.8843868179362506,0.10804970286331712,0.7763371150729335
NE,31031,Cherry County,2687,349,3069,2338,0.8755294884327143,0.11371782339524275,0.7618116650374716
NE,31033,Cheyenne County,3692,787,4530,2905,0.8150110375275939,0.17373068432671082,0.6412803532008831
NE,31035,Clay County,2677,577,3310,2100,0.808761329305136,0.1743202416918429,0.6344410876132931
NE,31037,Colfax County,2636,845,3516,1791,0.7497155858930603,0.24032992036405007,0.5093856655290102
NE,31039,Cuming County,3499,857,4398,2642,0.7955889040472942,0.19486130059117782,0.6007276034561164
NE,31041,Custer County,5042,786,5886,4256,0.8566089024804621,0.13353720693170235,0.7230716955487597
NE,31043,Dakota County,3934,2108,6119,1826,0.6429155090701095,0.3445007354142834,0.29841477365582614
NE,31045,Dawes County,2812,992,3868,1820,0.7269906928645294,0.2564632885211996,0.47052740434332985
NE,31047,Dawson County,6312,2101,8491,4211,0.7433753385938052,0.24743846425627133,0.49593687433753386
NE,31049,Deuel County,843,151,1012,692,0.8330039525691699,0.1492094861660079,0.683794466403162
NE,31051,Dixon County,2271,573,2895,1698,0.7844559585492228,0.19792746113989637,0.5865284974093264
NE,31053,Dodge County,10795,5434,16443,5361,0.6565103691540474,0.3304749741531351,0.3260353950009123
NE,31055,Douglas County,120635,148491,272867,-27856,0.44210182982918417,0.5441881942484801,-0.10208636441929592
NE,31057,Dundy County,829,96,929,733,0.8923573735199138,0.10333692142088267,0.7890204520990312
NE,31059,Fillmore County,2315,662,3013,1653,0.76833720544308,0.2197145701958181,0.548622635247262
NE,31061,Franklin County,1351,236,1600,1115,0.844375,0.1475,0.696875
NE,31063,Frontier County,1213,185,1410,1028,0.8602836879432624,0.13120567375886524,0.7290780141843971
NE,31065,Furnas County,2043,358,2413,1685,0.8466639038541235,0.1483630335681724,0.6983008702859511
NE,31067,Gage County,7523,3242,10916,4281,0.6891718578233785,0.29699523635031144,0.3921766214730671
NE,31069,Garden County,949,162,1117,787,0.8495971351835273,0.1450313339301701,0.7045658012533572
NE,31071,Garfield County,891,115,1012,776,0.8804347826086957,0.11363636363636363,0.766798418972332
NE,31073,Gosper County,907,203,1118,704,0.8112701252236136,0.1815742397137746,0.629695885509839
NE,31075,Grant County,351,15,366,336,0.9590163934426229,0.040983606557377046,0.9180327868852458
NE,31077,Greeley County,1029,192,1234,837,0.8338735818476499,0.15559157212317667,0.6782820097244733
NE,31079,Hall County,15566,6956,22804,8610,0.6825995439396597,0.3050342045255218,0.3775653394141379
NE,31081,Hamilton County,4416,1067,5547,3349,0.7961060032449973,0.19235622859203172,0.6037497746529655
NE,31083,Harlan County,1506,280,1802,1226,0.8357380688124306,0.15538290788013318,0.6803551609322974
NE,31085,Hayes County,472,19,494,453,0.9554655870445344,0.038461538461538464,0.917004048582996
NE,31087,Hitchcock County,1269,152,1433,1117,0.8855547801814375,0.1060711793440335,0.779483600837404
NE,31089,Holt County,4670,676,5399,3994,0.8649749953695128,0.12520837192072606,0.7397666234487867
NE,31091,Hooker County,369,55,427,314,0.8641686182669789,0.1288056206088993,0.7353629976580796
NE,31093,Howard County,2868,642,3550,2226,0.8078873239436619,0.1808450704225352,0.6270422535211267
NE,31095,Jefferson County,2614,968,3631,1646,0.7199118700082622,0.26659322500688515,0.45331864500137703
NE,31097,Johnson County,1496,625,2152,871,0.6951672862453532,0.2904275092936803,0.4047397769516729
NE,31099,Kearney County,2828,736,3604,2092,0.7846836847946725,0.20421753607103219,0.5804661487236403
NE,31101,Keith County,3416,731,4199,2685,0.8135270302452965,0.17408906882591094,0.6394379614193856
NE,31103,Keya Paha County,500,44,544,456,0.9191176470588235,0.08088235294117647,0.838235294117647
NE,31105,Kimball County,1410,271,1705,1139,0.8269794721407625,0.15894428152492668,0.6680351906158358
NE,31107,Knox County,3593,786,4436,2807,0.8099639314697926,0.17718665464382327,0.6327772768259694
NE,31109,Lancaster County,74213,81005,157624,-6792,0.47082297112114907,0.5139128559102675,-0.043089884789118404
NE,31111,Lincoln County,12674,3586,16464,9088,0.7698007774538387,0.21780855199222546,0.5519922254616132
NE,31113,Logan County,409,25,440,384,0.9295454545454546,0.056818181818181816,0.8727272727272728
NE,31115,Loup County,354,73,428,281,0.8271028037383178,0.1705607476635514,0.6565420560747663
NE,31117,McPherson County,267,12,283,255,0.9434628975265018,0.04240282685512368,0.9010600706713782
NE,31119,Madison County,12084,3324,15589,8760,0.775161973186221,0.21322727564308167,0.5619346975431394
NE,31121,Merrick County,3551,730,4342,2821,0.8178258866881621,0.16812528788576692,0.6497005988023952
NE,31123,Morrill County,2026,366,2426,1660,0.8351195383347073,0.1508656224237428,0.6842539159109645
NE,31125,Nance County,1462,352,1837,1110,0.7958628198149156,0.19161676646706588,0.6042460533478498
NE,31127,Nemaha County,2443,915,3418,1528,0.7147454651843184,0.26770040959625513,0.44704505558806323
NE,31129,Nuckolls County,1836,399,2258,1437,0.8131089459698848,0.1767050487156776,0.6364038972542072
NE,31131,Otoe County,5651,2463,8198,3188,0.6893144669431569,0.3004391314954867,0.3888753354476702
NE,31133,Pawnee County,1085,284,1379,801,0.7868020304568528,0.20594633792603337,0.5808556925308195
NE,31135,Perkins County,1224,187,1426,1037,0.8583450210378681,0.13113604488078542,0.7272089761570827
NE,31137,Phelps County,4158,758,4965,3400,0.8374622356495468,0.1526686807653575,0.6847935548841892
NE,31139,Pierce County,3420,446,3897,2974,0.8775981524249422,0.11444701052091352,0.7631511419040287
NE,31141,Platte County,12326,3191,15658,9135,0.7872014305786179,0.20379358794226593,0.583407842636352
NE,31143,Polk County,2296,501,2819,1795,0.8144732174529975,0.1777225966654842,0.6367506207875133
NE,31145,Red Willow County,4457,815,5323,3642,0.8373097877136952,0.15310914897614128,0.684200638737554
NE,31147,Richardson County,2962,934,3942,2028,0.7513952308472857,0.23693556570268898,0.5144596651445967
NE,31149,Rock County,745,85,834,660,0.8932853717026379,0.10191846522781775,0.7913669064748201
NE,31151,Saline County,3734,1855,5655,1879,0.6603006189213085,0.3280282935455349,0.3322723253757736
NE,31153,Sarpy County,55565,43832,100740,11733,0.5515683938852491,0.43510025809013303,0.11646813579511611
NE,31155,Saunders County,9854,3557,13564,6297,0.7264818637570039,0.26223827779416103,0.4642435859628428
NE,31157,Scotts Bluff County,11017,3849,15017,7168,0.7336352134247852,0.2563095158820004,0.4773256975427848
NE,31159,Seward County,6667,2388,9184,4279,0.7259364111498258,0.26001742160278746,0.4659189895470383
NE,31161,Sheridan County,2102,362,2484,1740,0.8462157809983897,0.1457326892109501,0.7004830917874396
NE,31163,Sherman County,1344,328,1687,1016,0.7966804979253111,0.1944279786603438,0.6022525192649674
NE,31165,Sioux County,597,77,678,520,0.8805309734513275,0.11356932153392331,0.7669616519174042
NE,31167,Stanton County,2536,492,3064,2044,0.8276762402088773,0.16057441253263707,0.6671018276762403
NE,31169,Thayer County,2278,544,2852,1734,0.7987377279102384,0.19074333800841514,0.6079943899018233
NE,31171,Thomas County,348,44,393,304,0.8854961832061069,0.11195928753180662,0.7735368956743003
NE,31173,Thurston County,1125,978,2123,147,0.5299105040037683,0.46066886481394254,0.06924163918982573
NE,31175,Valley County,1872,403,2299,1469,0.8142670726402784,0.1752936059156155,0.6389734667246629
NE,31177,Washington County,8855,3538,12545,5317,0.7058589079314468,0.28202471104025506,0.42383419689119173
NE,31179,Wayne County,3011,1006,4073,2005,0.7392585317947459,0.24699238890252884,0.49226614289221704
NE,31181,Webster County,1449,296,1763,1153,0.8218944980147476,0.16789563244469655,0.653998865570051
NE,31183,Wheeler County,424,57,486,367,0.8724279835390947,0.11728395061728394,0.7551440329218108
NE,31185,York County,5234,1648,6984,3586,0.7494272623138603,0.23596792668957617,0.513459335624284
NV,32001,Churchill County,9962,3179,13503,6783,0.7377619788195215,0.23542916388950605,0.5023328149300155
NV,32003,Clark County,493052,520187,1031223,-27135,0.4781235484468442,0.5044369646526503,-0.02631341620580613
NV,32005,Douglas County,23237,11553,35556,11684,0.653532455844302,0.3249240634492069,0.3286083923950951
NV,32007,Elko County,17352,4632,22465,12720,0.7724015134653907,0.20618740262630758,0.566214110839083
NV,32009,Esmeralda County,376,73,461,303,0.8156182212581344,0.15835140997830802,0.6572668112798264
NV,32011,Eureka County,910,104,1036,806,0.8783783783783784,0.10038610038610038,0.777992277992278
NV,32013,Humboldt County,6141,1711,8030,4430,0.7647571606475716,0.21307596513075966,0.5516811955168119
NV,32015,Lander County,2180,482,2725,1698,0.8,0.17688073394495413,0.623119266055046
NV,32017,Lincoln County,2108,314,2472,1794,0.8527508090614887,0.12702265372168284,0.7257281553398058
NV,32019,Lyon County,23861,8954,33541,14907,0.7113979905190663,0.26695685876986375,0.4444411317492025
NV,32021,Mineral County,1528,711,2295,817,0.6657952069716776,0.30980392156862746,0.35599128540305014
NV,32023,Nye County,18946,7559,26997,11387,0.7017816794458643,0.2799940734155647,0.42178760603029963
NV,32027,Pershing County,1764,496,2308,1268,0.7642980935875217,0.21490467937608318,0.5493934142114385
NV,32029,Storey County,2108,913,3075,1195,0.6855284552845529,0.2969105691056911,0.3886178861788618
NV,32031,Washoe County,127443,130071,263734,-2628,0.4832255226857364,0.4931901082150955,-0.009964585529359138
NV,32033,White Pine County,3364,883,4351,2481,0.7731555964146173,0.20294185244771318,0.5702137439669042
NV,32510,Carson City,16873,13375,31068,3498,0.5430990086262392,0.430507274365907,0.11259173426033214
NH,33001,Belknap County,22765,17469,40550,5296,0.5614056720098644,0.43080147965474724,0.1306041923551171
NH,33003,Carroll County,17407,16827,34498,580,0.5045799756507624,0.4877674068061917,0.01681256884457072
NH,33005,Cheshire County,20142,24579,45200,-4437,0.4456194690265487,0.543783185840708,-0.09816371681415925
NH,33007,Coos County,9731,7355,17230,2376,0.5647707486941381,0.4268717353453279,0.13789901334881022
NH,33009,Grafton County,21911,32998,55603,-11087,0.39406147150333615,0.5934571875618222,-0.19939571605848605
NH,33011,Hillsborough County,112068,118780,233234,-6712,0.48049598257543924,0.5092739480521707,-0.028777965476731504
NH,33013,Merrimack County,43365,48181,92475,-4816,0.4689375506893755,0.5210164909434982,-0.05207894025412274
NH,33015,Rockingham County,102542,97616,201949,4926,0.5077618606677924,0.4833695636026918,0.0243922970651006
NH,33017,Strafford County,33163,42374,76323,-9211,0.4345086016010901,0.5551930610694024,-0.12068445946831224
NH,33019,Sullivan County,12484,12317,25091,167,0.4975489219241959,0.4908931489378662,0.006655772986329744
NJ,34001,Atlantic County,64176,59293,125430,4883,0.5116479311169576,0.47271785059395677,0.03893008052300084
NJ,34003,Bergen County,217096,232660,459077,-15564,0.47289670360309927,0.5067995129357384,-0.03390280933263917
NJ,34005,Burlington County,94116,132275,229466,-38159,0.4101522665667245,0.5764470553371741,-0.16629478877044962
NJ,34007,Camden County,87767,155522,246954,-67755,0.355398171319355,0.6297610081229703,-0.2743628368036153
NJ,34009,Cape May County,32151,21648,54568,10503,0.5891914675267556,0.3967160240433954,0.19247544348336015
NJ,34011,Cumberland County,28675,26577,55885,2098,0.5131072738659748,0.4755658942471146,0.03754137961886017
NJ,34013,Essex County,83908,224596,313283,-140688,0.2678345138421172,0.7169109080288429,-0.44907639418672574
NJ,34015,Gloucester County,83326,78708,164635,4618,0.5061256719409603,0.4780757433109606,0.028049928629999665
NJ,34017,Hudson County,79913,144765,231181,-64852,0.3456728710404402,0.6261976546515501,-0.2805247836111099
NJ,34019,Hunterdon County,42391,36995,80925,5396,0.5238307074451652,0.45715168365770775,0.06667902378745749
NJ,34021,Mercer County,52274,107558,163270,-55284,0.3201690451399522,0.6587738102529552,-0.338604765113003
NJ,34023,Middlesex County,162459,191802,365187,-29343,0.44486523342835316,0.5252158483188065,-0.08035061489045336
NJ,34025,Monmouth County,197409,156382,360143,41027,0.5481405997062277,0.43422196183182793,0.11391863787439982
NJ,34027,Morris County,143439,135672,284666,7767,0.5038852550005972,0.4766006477766927,0.027284607223904522
NJ,34029,Ocean County,227232,105789,337135,121443,0.6740089281741736,0.3137882450650333,0.3602206831091403
NJ,34031,Passaic County,100955,95155,202767,5800,0.4978867369936923,0.4692824769316506,0.028604260062041698
NJ,34033,Salem County,18227,12236,30959,5991,0.5887464065376788,0.3952324041474208,0.19351400239025807
NJ,34035,Somerset County,74101,98790,177412,-24689,0.4176774964489437,0.556839447162537,-0.13916195071359327
NJ,34037,Sussex County,52121,31008,84616,21113,0.6159709747565473,0.3664555166871514,0.2495154580693959
NJ,34039,Union County,89063,147327,240632,-58264,0.37012118089032214,0.6122502410319492,-0.2421290601416271
NJ,34041,Warren County,35772,23318,60150,12454,0.594713216957606,0.38766417290108063,0.2070490440565254
NM,35001,Bernalillo County,118721,184070,310753,-65349,0.38204297303646306,0.5923353917741744,-0.21029241873771132
NM,35003,Catron County,1752,571,2357,1181,0.7433177768349597,0.2422571064913025,0.5010606703436572
NM,35005,Chaves County,15894,5941,22200,9953,0.715945945945946,0.2676126126126126,0.44833333333333336
NM,35006,Cibola County,4311,4450,8977,-139,0.4802272474100479,0.49571126211429206,-0.015484014704244153
NM,35007,Colfax County,3252,2436,5813,816,0.5594357474625838,0.4190607259590573,0.14037502150352654
NM,35009,Curry County,10714,4230,15223,6484,0.7038034552979044,0.2778690139919858,0.4259344413059186
NM,35011,De Baca County,649,206,874,443,0.7425629290617849,0.23569794050343248,0.5068649885583524
NM,35013,Doña Ana County,37589,45935,85404,-8346,0.44013160976066695,0.5378553697719076,-0.09772376001124067
NM,35015,Eddy County,18141,5032,23472,13109,0.7728783231083844,0.2143830947511929,0.5584952283571916
NM,35017,Grant County,6580,7301,14224,-721,0.4625984251968504,0.5132874015748031,-0.05068897637795272
NM,35019,Guadalupe County,945,959,1938,-14,0.48761609907120745,0.49484004127966974,-0.007223942208462286
NM,35021,Harding County,297,128,431,169,0.6890951276102089,0.29698375870069604,0.3921113689095128
NM,35023,Hidalgo County,1140,705,1862,435,0.6122448979591837,0.378625134264232,0.2336197636949517
NM,35025,Lea County,16997,3930,21209,13067,0.8014050638879721,0.18529869395068133,0.6161063699372907
NM,35027,Lincoln County,6942,3033,10165,3909,0.6829316281357599,0.2983767830791933,0.3845548450565666
NM,35028,Los Alamos County,4047,7726,12187,-3679,0.3320751620579306,0.6339542135061951,-0.3018790514482645
NM,35029,Luna County,4698,3176,8056,1522,0.5831678252234359,0.394240317775571,0.1889275074478649
NM,35031,McKinley County,9363,15711,25866,-6348,0.36198097889120856,0.6073996752493621,-0.24541869635815355
NM,35033,Mora County,1010,1439,2487,-429,0.40611178126256536,0.5786087655810213,-0.1724969843184559
NM,35035,Otero County,15117,8582,24242,6535,0.6235871627753485,0.3540136952396667,0.26957346753568184
NM,35037,Quay County,2570,1055,3704,1515,0.6938444924406048,0.28482721382289417,0.4090172786177106
NM,35039,Rio Arriba County,6268,9373,15989,-3105,0.39201951341547314,0.5862155231721808,-0.1941960097567077
NM,35041,Roosevelt County,4687,1820,6639,2867,0.7059798162373851,0.2741376713360446,0.43184214490134054
NM,35043,Sandoval County,36589,41178,79495,-4589,0.460267941379961,0.5179948424429209,-0.05772690106295991
NM,35045,San Juan County,34264,17464,52926,16800,0.647394475305143,0.3299701469976949,0.31742432830744816
NM,35047,San Miguel County,3886,6986,11108,-3100,0.34983795462729567,0.628916096507022,-0.2790781418797263
NM,35049,Santa Fe County,20457,61403,83741,-40946,0.2442889385127954,0.7332489461554077,-0.48896000764261227
NM,35051,Sierra County,3473,2332,5953,1141,0.5834033260540904,0.3917352595330086,0.19166806652108181
NM,35053,Socorro County,3651,3384,7233,267,0.504769805060141,0.46785566155122355,0.036914143508917474
NM,35055,Taos County,4139,12040,16639,-7901,0.24875292986357353,0.723601177955406,-0.47484824809183246
NM,35057,Torrance County,4880,2144,7179,2736,0.6797604123136927,0.2986488368853601,0.38111157542833257
NM,35059,Union County,1247,378,1665,869,0.7489489489489489,0.22702702702702704,0.5219219219219219
NM,35061,Valencia County,19057,13609,33277,5448,0.5726778255251375,0.40896114433392433,0.16371668119121313
NY,36001,Albany County,55228,94381,149609,-39153,0.3691489148380111,0.630851085161989,-0.26170217032397786
NY,36003,Allegany County,13102,5058,18160,8044,0.7214757709251102,0.2785242290748899,0.4429515418502203
NY,36005,Bronx County,91542,244385,335927,-152843,0.27250563366445685,0.7274943663355431,-0.45498873267108625
NY,36007,Broome County,44746,45126,89872,-380,0.49788588214349294,0.5021141178565071,-0.004228235713014117
NY,36009,Cattaraugus County,22445,11286,33731,11159,0.6654116391450001,0.3345883608549999,0.33082327829000024
NY,36011,Cayuga County,19959,15278,35237,4681,0.5664216590515652,0.4335783409484349,0.13284331810313027
NY,36013,Chautauqua County,34528,22085,56613,12443,0.609895253740307,0.390104746259693,0.21979050748061396
NY,36015,Chemung County,21812,15522,37334,6290,0.5842395671505866,0.4157604328494134,0.16847913430117317
NY,36017,Chenango County,14021,8044,22065,5977,0.6354407432585543,0.36455925674144574,0.2708814865171085
NY,36019,Clinton County,18247,17478,35725,769,0.5107627711686494,0.48923722883135057,0.021525542337298864
NY,36021,Columbia County,15168,20396,35564,-5228,0.4264987065571927,0.5735012934428073,-0.14700258688561463
NY,36023,Cortland County,11699,10230,21929,1469,0.5334944593916732,0.4665055406083269,0.06698891878334629
NY,36025,Delaware County,13345,8845,22190,4500,0.6013970256872465,0.3986029743127535,0.20279405137449302
NY,36027,Dutchess County,69307,75795,145102,-6488,0.47764331297983487,0.5223566870201651,-0.04471337404033027
NY,36029,Erie County,200614,243144,443758,-42530,0.45207973715403443,0.5479202628459656,-0.09584052569193119
NY,36031,Essex County,9294,9222,18516,72,0.5019442644199611,0.4980557355800389,0.0038885288399221896
NY,36033,Franklin County,10291,8555,18846,1736,0.5460575188368885,0.45394248116311153,0.09211503767377693
NY,36035,Fulton County,15872,7453,23325,8419,0.6804715969989282,0.3195284030010718,0.3609431939978564
NY,36037,Genesee County,18997,9367,28364,9630,0.6697574390071922,0.3302425609928078,0.3395148780143844
NY,36039,Greene County,14127,9872,23999,4255,0.5886495270636276,0.41135047293637234,0.17729905412725527
NY,36041,Hamilton County,2190,1157,3347,1033,0.6543172990737974,0.34568270092620257,0.30863459814759486
NY,36043,Herkimer County,19349,9025,28374,10324,0.6819271163741454,0.3180728836258547,0.3638542327482907
NY,36045,Jefferson County,25215,15450,40665,9765,0.6200663961637772,0.3799336038362228,0.2401327923275544
NY,36047,Kings County,219335,551633,770968,-332298,0.28449300100652686,0.7155069989934731,-0.4310139979869463
NY,36049,Lewis County,9129,3473,12602,5656,0.7244088239961911,0.27559117600380895,0.44881764799238216
NY,36051,Livingston County,18780,12148,30928,6632,0.6072167615106053,0.3927832384893947,0.2144335230212106
NY,36053,Madison County,19005,14509,33514,4496,0.5670764456644984,0.43292355433550156,0.13415289132899688
NY,36055,Monroe County,145638,213410,359048,-67772,0.40562264655422114,0.5943773534457788,-0.18875470689155766
NY,36057,Montgomery County,12929,7049,19978,5880,0.6471618780658724,0.35283812193412756,0.2943237561317449
NY,36059,Nassau County,366779,337060,703839,29719,0.5211120725052178,0.4788879274947822,0.04222414501043564
NY,36061,New York County,103128,482124,585252,-378996,0.17621127309261653,0.8237887269073835,-0.647577453814767
NY,36063,Niagara County,57156,41825,98981,15331,0.5774441559491216,0.4225558440508784,0.15488831189824315
NY,36065,Oneida County,60655,39399,100054,21256,0.6062226397745217,0.39377736022547827,0.21244527954904346
NY,36067,Onondaga County,93684,132591,226275,-38907,0.4140271793172025,0.5859728206827974,-0.17194564136559493
NY,36069,Ontario County,29415,28576,57991,839,0.5072338811194841,0.49276611888051597,0.014467762238968118
NY,36071,Orange County,90880,75829,166709,15051,0.5451415340503513,0.4548584659496488,0.09028306810070247
NY,36073,Orleans County,12432,5227,17659,7205,0.7040036242142816,0.29599637578571836,0.4080072484285633
NY,36075,Oswego County,33386,20396,53782,12990,0.6207653118143617,0.3792346881856383,0.24153062362872335
NY,36077,Otsego County,15256,13028,28284,2228,0.5393862254278037,0.4606137745721963,0.07877245085560736
NY,36079,Putnam County,31551,23954,55505,7597,0.5684352761012521,0.43156472389874784,0.13687055220250427
NY,36081,Queens County,248024,404126,652150,-156102,0.38031741163842675,0.6196825883615733,-0.23936517672314656
NY,36083,Rensselaer County,37772,38525,76297,-753,0.49506533677602005,0.50493466322398,-0.009869326447959903
NY,36085,Richmond County,124265,65872,190137,58393,0.6535550681876752,0.3464449318123248,0.3071101363753504
NY,36087,Rockland County,83443,65920,149363,17523,0.5586591056687399,0.44134089433126006,0.11731821133747983
NY,36089,St. Lawrence County,25210,17502,42712,7708,0.5902322532309421,0.40976774676905786,0.18046450646188422
NY,36091,Saratoga County,62278,63852,126130,-1574,0.4937604059303893,0.5062395940696107,-0.012479188139221442
NY,36093,Schenectady County,31086,38064,69150,-6978,0.44954446854663777,0.5504555314533622,-0.10091106290672447
NY,36095,Schoharie County,10110,5315,15425,4795,0.6554294975688817,0.3445705024311183,0.3108589951377634
NY,36097,Schuyler County,5715,3735,9450,1980,0.6047619047619047,0.3952380952380952,0.2095238095238095
NY,36099,Seneca County,8226,6396,14622,1830,0.5625769388592532,0.4374230611407468,0.1251538777185064
NY,36101,Steuben County,29159,14938,44097,14221,0.6612467968342518,0.33875320316574825,0.32249359366850355
NY,36103,Suffolk County,402924,323473,726397,79451,0.5546884141867326,0.4453115858132674,0.10937682837346524
NY,36105,Sullivan County,20384,14548,34932,5836,0.5835337226611703,0.41646627733882974,0.16706744532234058
NY,36107,Tioga County,15015,9402,24417,5613,0.6149404103698243,0.3850595896301757,0.22988082073964855
NY,36109,Tompkins County,11306,34266,45572,-22960,0.24809093302905294,0.7519090669709471,-0.5038181339418941
NY,36111,Ulster County,39512,57356,96868,-17844,0.40789528017508364,0.5921047198249164,-0.18420943964983277
NY,36113,Warren County,18589,17043,35632,1546,0.5216939829366861,0.4783060170633139,0.043387965873372236
NY,36115,Washington County,17268,11224,28492,6044,0.6060648603116664,0.39393513968833355,0.21212972062333285
NY,36117,Wayne County,26761,16570,43331,10191,0.6175947935658074,0.3824052064341926,0.23518958713161475
NY,36119,Westchester County,167559,287046,454605,-119487,0.3685815158214274,0.6314184841785726,-0.2628369683571452
NY,36121,Wyoming County,13181,4679,17860,8502,0.7380179171332587,0.2619820828667413,0.4760358342665174
NY,36123,Yates County,6101,4397,10498,1704,0.5811583158696895,0.41884168413031053,0.16231663173937894
NC,37001,Alamance County,47937,40624,89568,7313,0.5352023043944266,0.4535548410146481,0.08164746337977852
NC,37003,Alexander County,16404,4060,20625,12344,0.7953454545454546,0.19684848484848486,0.5984969696969697
NC,37005,Alleghany County,4900,1533,6480,3367,0.7561728395061729,0.23657407407407408,0.5195987654320988
NC,37007,Anson County,5525,5253,10859,272,0.5087945483009485,0.48374620130767104,0.02504834699327746
NC,37009,Ashe County,11629,4431,16187,7198,0.7184160128498177,0.2737381849632421,0.4446778278865756
NC,37011,Avery County,7181,2220,9468,4961,0.7584495141529362,0.23447401774397972,0.5239754964089565
NC,37013,Beaufort County,17296,9049,26521,8247,0.6521624373138267,0.34120131216771615,0.3109611251461106
NC,37015,Bertie County,3840,5279,9170,-1439,0.4187568157033806,0.5756815703380589,-0.1569247546346783
NC,37017,Bladen County,10035,6620,16743,3415,0.5993549543092636,0.39538911784029146,0.2039658364689721
NC,37019,Brunswick County,67658,40557,109049,27101,0.6204366844262671,0.37191537749085274,0.24852130693541435
NC,37021,Buncombe County,59016,98662,159885,-39646,0.36911530162304157,0.6170810269881477,-0.24796572536510614
NC,37023,Burke County,32130,13272,45733,18858,0.7025561410797455,0.2902061968381694,0.4123499442415761
NC,37025,Cabarrus County,63746,54494,119820,9252,0.5320146886997162,0.4547988649641128,0.07721582373560343
NC,37027,Caldwell County,33009,10146,43451,22863,0.7596833214425445,0.2335044072633541,0.5261789141791904
NC,37029,Camden County,4716,1522,6292,3194,0.7495232040686586,0.24189446916719645,0.5076287349014621
NC,37031,Carteret County,32508,12813,45693,19695,0.7114437660035454,0.2804149432079312,0.4310288227956142
NC,37033,Caswell County,7445,4493,12025,2952,0.6191268191268191,0.37363825363825365,0.24548856548856546
NC,37035,Catawba County,59577,26569,86885,33008,0.6856994878287391,0.3057950164009898,0.3799044714277493
NC,37037,Chatham County,22507,29014,52098,-6507,0.4320127452109486,0.5569119735882375,-0.1248992283772889
NC,37039,Cherokee County,13883,3686,17748,10197,0.782228983547442,0.20768537299977463,0.5745436105476673
NC,37041,Chowan County,4587,2895,7533,1692,0.6089207487056949,0.3843090402230187,0.2246117084826762
NC,37043,Clay County,5761,1899,7708,3862,0.7474052932018682,0.24636741048261546,0.5010378827192528
NC,37045,Cleveland County,34654,16603,51602,18051,0.671563117708616,0.3217510949188016,0.3498120227898144
NC,37047,Columbus County,17592,8648,26363,8944,0.6672988658346926,0.32803550430527634,0.3392633615294162
NC,37049,Craven County,33477,22011,56028,11466,0.5975048190190619,0.39285714285714285,0.2046476761619191
NC,37051,Cumberland County,59840,78631,140175,-18791,0.4268949527376494,0.5609488139825218,-0.13405386124487245
NC,37053,Currituck County,13235,4604,18010,8631,0.7348695169350361,0.25563575791227094,0.47923375902276516
NC,37055,Dare County,14792,10074,25115,4718,0.5889707346207446,0.4011148715906829,0.1878558630300617
NC,37057,Davidson County,67959,24150,93091,43809,0.7300276073949147,0.2594235747816653,0.4706040326132494
NC,37059,Davie County,19398,6988,26704,12410,0.7264080287597364,0.26168364289994006,0.46472438585979636
NC,37061,Duplin County,14677,8057,22864,6620,0.6419261721483555,0.35238803358992304,0.2895381385584324
NC,37063,Durham County,32853,144450,180189,-111597,0.18232522518022742,0.8016582588282304,-0.619333033648003
NC,37065,Edgecombe County,9355,14900,24416,-5545,0.3831503931847969,0.6102555701179554,-0.22710517693315851
NC,37067,Forsyth County,87292,114145,203928,-26853,0.4280530383272528,0.5597318661488369,-0.13167882782158408
NC,37069,Franklin County,23938,18167,42526,5771,0.5629026948219913,0.4271974791892019,0.13570521563278937
NC,37071,Gaston County,73828,44062,118959,29766,0.6206171874343261,0.3703965231718491,0.250220664262477
NC,37073,Gates County,3538,2268,5860,1270,0.6037542662116041,0.3870307167235495,0.2167235494880546
NC,37075,Graham County,3883,839,4769,3044,0.8142168169427553,0.1759278674774586,0.6382889494652967
NC,37077,Granville County,17385,14368,32049,3017,0.5424506224843209,0.4483135199226185,0.09413710256170238
NC,37079,Greene County,4965,3437,8442,1528,0.5881307746979388,0.4071310116086235,0.1809997630893153
NC,37081,Guilford County,109077,171118,284114,-62041,0.38391983499581156,0.6022864061609072,-0.21836657116509567
NC,37083,Halifax County,9778,14014,23938,-4236,0.40847188570473725,0.5854290249812014,-0.17695713927646417
NC,37085,Harnett County,39440,23472,63597,15968,0.6201550387596899,0.369074012925138,0.25108102583455194
NC,37087,Haywood County,23393,13913,37724,9480,0.6201092142932881,0.368810306436221,0.25129890785706716
NC,37089,Henderson County,39497,29361,69651,10136,0.5670701066747067,0.42154455786708017,0.14552554880762653
NC,37091,Hertford County,3556,6171,9794,-2615,0.3630794363896263,0.6300796405962834,-0.2670002042066571
NC,37093,Hoke County,10547,11896,22724,-1349,0.46413483541629996,0.5234993839112833,-0.059364548494983294
NC,37095,Hyde County,1465,931,2417,534,0.6061232933388498,0.38518824989656597,0.22093504344228387
NC,37097,Iredell County,72801,36739,110560,36062,0.65847503617945,0.3322992040520984,0.32617583212735163
NC,37099,Jackson County,11796,9746,21864,2050,0.539517014270033,0.44575557994877424,0.09376143432125872
NC,37101,Johnston County,74878,48116,124360,26762,0.6021067867481505,0.3869089739466066,0.21519781280154393
NC,37103,Jones County,3409,2007,5458,1402,0.6245877610846464,0.36771711249541955,0.25687064858922687
NC,37105,Lee County,17489,12245,30007,5244,0.5828306728430033,0.40807144999500117,0.1747592228480021
NC,37107,Lenoir County,14564,12700,27465,1864,0.530274895321318,0.4624066994356454,0.06786819588567261
NC,37109,Lincoln County,40183,14842,55433,25341,0.7248931142099472,0.2677466491079321,0.45714646510201506
NC,37111,McDowell County,17520,5911,23600,11609,0.7423728813559322,0.25046610169491523,0.4919067796610169
NC,37113,Macon County,14981,6675,21846,8306,0.6857548292593609,0.30554792639384787,0.38020690286551306
NC,37115,Madison County,8275,5090,13561,3185,0.6102057370400413,0.3753410515448713,0.23486468549517003
NC,37117,Martin County,6601,5360,12028,1241,0.5488027934818757,0.4456268706351846,0.10317592284669108
NC,37119,Mecklenburg County,187777,376469,573701,-188692,0.3273081274043448,0.6562111622604806,-0.3289030348561358
NC,37121,Mitchell County,6844,1918,8825,4926,0.7755240793201134,0.2173371104815864,0.5581869688385269
NC,37123,Montgomery County,9026,4045,13161,4981,0.6858141478611047,0.3073474659980245,0.37846668186308025
NC,37125,Moore County,39633,21449,61619,18184,0.6431944692383843,0.3480906863142862,0.2951037829240981
NC,37127,Nash County,26431,25508,52364,923,0.5047551753112826,0.4871285616072111,0.01762661370407148
NC,37129,New Hanover County,67949,68814,138243,-865,0.49151855790166593,0.49777565591024503,-0.006257098008579098
NC,37131,Northampton County,3905,5239,9197,-1334,0.42459497662281176,0.5696422746547787,-0.14504729803196692
NC,37133,Onslow County,54960,25684,81476,29276,0.6745544700279837,0.3152339339191909,0.35932053610879283
NC,37135,Orange County,20806,65444,87426,-44638,0.237984123716057,0.7485645002630796,-0.5105803765470226
NC,37137,Pamlico County,5229,2676,7961,2553,0.6568270317799272,0.3361386760457229,0.3206883557342043
NC,37139,Pasquotank County,10537,9549,20277,988,0.5196528086008778,0.4709276520195295,0.048725156581348295
NC,37141,Pender County,26042,12460,38837,13582,0.6705461286917115,0.3208280763189742,0.3497180523727373
NC,37143,Perquimans County,5278,2269,7640,3009,0.6908376963350785,0.29698952879581153,0.393848167539267
NC,37145,Person County,13509,8295,21993,5214,0.6142408948301732,0.37716546173782567,0.23707543309234752
NC,37147,Pitt County,40403,45596,86925,-5193,0.46480299108426804,0.5245441472533794,-0.059741156169111354
NC,37149,Polk County,8107,4827,13032,3280,0.6220841006752609,0.3703959484346225,0.2516881522406384
NC,37151,Randolph County,59357,15951,75841,43406,0.7826505452196042,0.21032159386084046,0.5723289513587637
NC,37153,Richmond County,11931,7787,19848,4144,0.6011185006045949,0.3923317210802096,0.20878677952438535
NC,37155,Robeson County,29647,16728,46677,12919,0.6351522162949632,0.358377787775564,0.2767744285193992
NC,37157,Rockingham County,33447,15676,49492,17771,0.6758061908995393,0.3167380586761497,0.3590681322233896
NC,37159,Rowan County,50807,23788,75236,27019,0.6753017172630124,0.3161784252219682,0.35912329204104415
NC,37161,Rutherford County,25456,8914,34600,16542,0.7357225433526011,0.2576300578034682,0.4780924855491329
NC,37163,Sampson County,18178,9797,28138,8381,0.6460302793375506,0.3481768427038169,0.29785343663373376
NC,37165,Scotland County,7767,6754,14613,1013,0.5315130363375077,0.46219119961677957,0.06932183672072811
NC,37167,Stanly County,27518,8881,36651,18637,0.7508117104581048,0.24231262448500723,0.5084990859730976
NC,37169,Stokes County,21548,5380,27127,16168,0.7943377446824197,0.19832639068087146,0.5960113540015483
NC,37171,Surry County,28565,8613,37424,19952,0.7632802479692176,0.23014643009833263,0.5331338178708849
NC,37173,Swain County,4311,2643,7036,1668,0.6127060830017055,0.37563956793632747,0.23706651506537801
NC,37175,Transylvania County,11492,8972,20706,2520,0.555008210180624,0.4333043562252487,0.12170385395537525
NC,37177,Tyrrell County,1057,680,1752,377,0.603310502283105,0.3881278538812785,0.2151826484018265
NC,37179,Union County,86271,51168,138875,35103,0.6212133213321333,0.36844644464446447,0.2527668766876688
NC,37181,Vance County,8614,11292,20059,-2678,0.4294331721421806,0.5629393289795105,-0.13350615683732991
NC,37183,Wake County,236735,402984,650796,-166249,0.3637622234924615,0.6192170818505338,-0.2554548583580723
NC,37185,Warren County,3976,5872,9985,-1896,0.3981972959439159,0.5880821231847772,-0.18988482724086125
NC,37187,Washington County,2768,3138,5939,-370,0.466071729247348,0.5283717797609025,-0.06230005051355453
NC,37189,Watauga County,15254,17225,32934,-1971,0.46316876176595617,0.5230157284265501,-0.059846966660593914
NC,37191,Wayne County,31580,22618,54667,8962,0.5776794043938757,0.413741379625734,0.16393802476814168
NC,37193,Wilkes County,28812,7194,36240,21618,0.7950331125827814,0.19850993377483445,0.596523178807947
NC,37195,Wilson County,19750,19909,39978,-159,0.49402171194156785,0.49799889939466707,-0.003977187453099218
NC,37197,Yadkin County,16439,3739,20346,12700,0.8079720829647105,0.18377076575248205,0.6242013172122284
NC,37199,Yancey County,7511,3635,11249,3876,0.6677037958929682,0.32313983465196905,0.3445639612409992
ND,38001,Adams County,962,215,1191,747,0.8077246011754828,0.18052057094878254,0.6272040302267003
ND,38003,Barnes County,3531,1661,5294,1870,0.6669814884775217,0.3137514166981488,0.3532300717793729
ND,38005,Benson County,1163,795,1994,368,0.5832497492477432,0.39869608826479436,0.18455366098294884
ND,38007,Billings County,543,93,644,450,0.843167701863354,0.14440993788819875,0.6987577639751552
ND,38009,Bottineau County,2628,735,3422,1893,0.7679719462302746,0.2147866744593805,0.5531852717708942
ND,38011,Bowman County,1384,207,1611,1177,0.8590937306021105,0.12849162011173185,0.7306021104903786
ND,38013,Burke County,909,130,1051,779,0.8648905803996194,0.12369172216936251,0.7411988582302569
ND,38015,Burleigh County,36595,14215,51764,22380,0.7069585039795997,0.2746116992504443,0.4323468047291554
ND,38017,Cass County,47873,40304,89842,7569,0.5328576834887915,0.44860978161661585,0.08424790187217562
ND,38019,Cavalier County,1461,491,1977,970,0.7389984825493171,0.24835609509357612,0.49064238745574096
ND,38021,Dickey County,1829,557,2435,1272,0.751129363449692,0.22874743326488706,0.5223819301848049
ND,38023,Divide County,914,253,1194,661,0.7654941373534339,0.211892797319933,0.5536013400335009
ND,38025,Dunn County,1877,332,2231,1545,0.841326759300762,0.14881219184222322,0.6925145674585387
ND,38027,Eddy County,862,316,1201,546,0.7177352206494588,0.2631140716069942,0.45462114904246465
ND,38029,Emmons County,1697,205,1923,1492,0.8824752990119604,0.10660426417056683,0.7758710348413936
ND,38031,Foster County,1326,335,1692,991,0.7836879432624113,0.1979905437352246,0.5856973995271867
ND,38033,Golden Valley County,847,122,984,725,0.8607723577235772,0.12398373983739837,0.7367886178861788
ND,38035,Grand Forks County,18123,12469,31089,5654,0.5829393032905529,0.4010743349737849,0.18186496831676796
ND,38037,Grant County,1076,205,1304,871,0.8251533742331288,0.15720858895705522,0.6679447852760736
ND,38039,Griggs County,963,301,1285,662,0.7494163424124514,0.23424124513618677,0.5151750972762645
ND,38041,Hettinger County,1089,192,1294,897,0.8415765069551777,0.14837712519319937,0.6931993817619784
ND,38043,Kidder County,1137,238,1391,899,0.8173975557153127,0.1710999281092739,0.6462976276060388
ND,38045,LaMoure County,1614,453,2109,1161,0.7652916073968705,0.2147937411095306,0.5504978662873399
ND,38047,Logan County,898,117,1031,781,0.8709990300678953,0.11348205625606207,0.7575169738118331
ND,38049,McHenry County,2223,479,2735,1744,0.8127970749542962,0.17513711151736747,0.6376599634369288
ND,38051,McIntosh County,1132,229,1381,903,0.8196958725561188,0.165821868211441,0.6538740043446778
ND,38053,McKenzie County,4627,809,5483,3818,0.8438810869961699,0.14754696334123654,0.6963341236549334
ND,38055,McLean County,4231,1093,5398,3138,0.7838088180807706,0.20248240088921823,0.5813264171915524
ND,38057,Mercer County,3798,672,4530,3126,0.83841059602649,0.14834437086092717,0.6900662251655629
ND,38059,Morton County,12839,3748,16906,9091,0.7594345202886549,0.22169643913403525,0.5377380811546196
ND,38061,Mountrail County,2877,1125,4060,1752,0.7086206896551724,0.2770935960591133,0.4315270935960591
ND,38063,Nelson County,1141,580,1755,561,0.6501424501424501,0.33048433048433046,0.31965811965811963
ND,38065,Oliver County,909,156,1084,753,0.8385608856088561,0.14391143911439114,0.694649446494465
ND,38067,Pembina County,2350,704,3088,1646,0.7610103626943006,0.22797927461139897,0.5330310880829016
ND,38069,Pierce County,1493,439,1955,1054,0.7636828644501279,0.22455242966751918,0.5391304347826087
ND,38071,Ramsey County,3609,1513,5204,2096,0.6935049961568025,0.2907378939277479,0.4027671022290546
ND,38073,Ransom County,1661,920,2632,741,0.631079027355623,0.3495440729483283,0.28153495440729476
ND,38075,Renville County,993,179,1203,814,0.8254364089775561,0.1487946799667498,0.6766417290108063
ND,38077,Richland County,5576,2473,8199,3103,0.6800829369435297,0.3016221490425662,0.37846078790096355
ND,38079,Rolette County,1427,2567,4060,-1140,0.3514778325123153,0.6322660098522167,-0.2807881773399014
ND,38081,Sargent County,1325,663,2024,662,0.6546442687747036,0.3275691699604743,0.3270750988142293
ND,38083,Sheridan County,644,101,753,543,0.8552456839309429,0.1341301460823373,0.7211155378486056
ND,38085,Sioux County,285,654,950,-369,0.3,0.6884210526315789,-0.38842105263157894
ND,38087,Slope County,351,33,387,318,0.9069767441860465,0.08527131782945736,0.821705426356589
ND,38089,Stark County,12323,2473,15017,9850,0.8206033162415929,0.1646800293001265,0.6559232869414664
ND,38091,Steele County,622,367,1005,255,0.618905472636816,0.36517412935323385,0.2537313432835821
ND,38093,Stutsman County,7185,2692,10073,4493,0.713292961381912,0.267249081703564,0.446043879678348
ND,38095,Towner County,796,289,1110,507,0.7171171171171171,0.26036036036036037,0.45675675675675675
ND,38097,Traill County,2650,1359,4080,1291,0.6495098039215687,0.33308823529411763,0.316421568627451
ND,38099,Walsh County,3186,1173,4456,2013,0.7149910233393177,0.2632405745062837,0.45175044883303406
ND,38101,Ward County,20635,7215,28326,13420,0.7284826661018146,0.25471298453717434,0.4737696815646402
ND,38103,Wells County,1815,405,2242,1410,0.8095450490633364,0.18064228367528992,0.6289027653880465
ND,38105,Williams County,12501,2276,15010,10225,0.8328447701532312,0.15163224516988674,0.6812125249833445
OH,39001,Adams County,10056,2073,12190,7983,0.8249384741591469,0.1700574241181296,0.6548810500410173
OH,39003,Allen County,32679,12527,45607,20152,0.716534742473743,0.2746727476045344,0.44186199486920863
OH,39005,Ashland County,19444,6457,26151,12987,0.7435279721616764,0.24691216397078505,0.49661580819089135
OH,39007,Ashtabula County,27167,15152,42685,12015,0.6364530865643668,0.3549724727656085,0.28148061379875833
OH,39009,Athens County,10854,13399,24462,-2545,0.44370860927152317,0.5477475267762244,-0.10403891750470123
OH,39011,Auglaize County,20714,4391,25294,16323,0.8189293903692575,0.17359848185340396,0.6453309085158535
OH,39013,Belmont County,22449,7987,30629,14462,0.7329328414247935,0.2607659407750824,0.4721669006497111
OH,39015,Brown County,16918,4012,21045,12906,0.8038964124495129,0.19063910667617012,0.6132573057733428
OH,39017,Butler County,112440,65291,179299,47149,0.6271089074674148,0.3641459238478742,0.26296298361954057
OH,39019,Carroll County,10447,3038,13598,7409,0.7682747462862186,0.223415208118841,0.5448595381673776
OH,39021,Champaign County,15132,4890,20210,10242,0.7487382483918852,0.24195942602671944,0.5067788223651657
OH,39023,Clark County,39636,21494,61705,18142,0.6423466493801151,0.3483348188963617,0.2940118304837534
OH,39025,Clermont County,75731,35593,112323,40138,0.6742252254658441,0.3168807813181628,0.3573444441476813
OH,39027,Clinton County,15648,4562,20369,11086,0.7682262261279396,0.22396779419706417,0.5442584319308754
OH,39029,Columbiana County,35100,11957,47435,23143,0.7399599451881522,0.2520712554021292,0.487888689786023
OH,39031,Coshocton County,12080,3782,15994,8298,0.7552832312117044,0.23646367387770414,0.5188195573340002
OH,39033,Crawford County,15113,4617,19885,10496,0.7600201156650742,0.23218506411868242,0.5278350515463918
OH,39035,Cuyahoga County,190258,365761,560216,-175503,0.3396154340468676,0.6528928127722164,-0.31327737872534883
OH,39037,Darke County,21875,4544,26600,17331,0.8223684210526315,0.17082706766917294,0.6515413533834586
OH,39039,Defiance County,13302,5667,19153,7635,0.6945126089907586,0.29588054090742966,0.39863206808332896
OH,39041,Delaware County,69057,60410,130685,8647,0.5284233079542411,0.46225657114435476,0.06616673680988633
OH,39043,Erie County,22493,16871,39737,5622,0.5660467574301029,0.42456652490122554,0.14148023252887737
OH,39045,Fairfield County,50878,31053,82651,19825,0.6155763390642581,0.37571233257915815,0.23986400648509998
OH,39047,Fayette County,9545,2744,12380,6801,0.7710016155088854,0.22164781906300485,0.5493537964458806
OH,39049,Franklin County,205133,370422,581547,-165289,0.3527367521455704,0.6369596954330432,-0.28422294328747283
OH,39051,Fulton County,15893,6374,22452,9519,0.7078656689827187,0.28389453055407093,0.4239711384286478
OH,39053,Gallia County,10135,2560,12787,7575,0.7926018612653476,0.2002033315085634,0.5923985297567842
OH,39055,Geauga County,33328,20366,54126,12962,0.6157484388279201,0.3762701843845841,0.23947825444333598
OH,39057,Greene County,52476,34916,88421,17560,0.5934789246898361,0.3948835683830764,0.19859535630675967
OH,39059,Guernsey County,13058,4093,17275,8965,0.7558900144717801,0.23693198263386397,0.5189580318379161
OH,39061,Hamilton County,168584,226763,399259,-58179,0.4222422036823215,0.5679596452428123,-0.14571744156049077
OH,39063,Hancock County,25688,11336,37439,14352,0.6861294372178744,0.30278586500707816,0.3833435722107963
OH,39065,Hardin County,9715,2844,12678,6871,0.7662880580533207,0.2243256034074775,0.5419624546458431
OH,39067,Harrison County,5382,1542,6990,3840,0.7699570815450644,0.2206008583690987,0.5493562231759657
OH,39069,Henry County,10707,3856,14695,6851,0.72861517522967,0.2624021776114325,0.46621299761823753
OH,39071,Highland County,15603,3491,19198,12112,0.8127409105115116,0.18184185852692988,0.6308990519845817
OH,39073,Hocking County,9493,3678,13274,5815,0.7151574506554166,0.2770830194364924,0.4380744312189242
OH,39075,Holmes County,10218,1842,12157,8376,0.840503413671136,0.1515176441556305,0.6889857695155055
OH,39077,Huron County,19166,7410,26806,11756,0.7149891815265239,0.27643064985451016,0.43855853167201375
OH,39079,Jackson County,10987,2906,13975,8081,0.7861896243291592,0.2079427549194991,0.5782468694096601
OH,39081,Jefferson County,22000,8472,30814,13528,0.7139611864736808,0.2749399623547738,0.439021224118907
OH,39083,Knox County,22673,8525,31474,14148,0.7203723708457774,0.270858486369702,0.44951388447607543
OH,39085,Lake County,71622,53586,126319,18036,0.5669930889256565,0.4242117179521687,0.14278137097348775
OH,39087,Lawrence County,19644,6411,26237,13233,0.7487136486641003,0.24434958265045548,0.5043640660136448
OH,39089,Licking County,60112,32287,93232,27825,0.6447571649219153,0.3463081345460786,0.29844903037583664
OH,39091,Logan County,17823,4944,22958,12879,0.7763306908267271,0.21534976914365364,0.5609809216830735
OH,39093,Lorain County,81818,72991,156243,8827,0.5236586599079639,0.46716332891713547,0.05649533099082843
OH,39095,Lucas County,82398,106320,190525,-23922,0.4324786773389319,0.5580370030179767,-0.12555832567904474
OH,39097,Madison County,14467,5647,20325,8820,0.7117835178351783,0.2778351783517835,0.43394833948339484
OH,39099,Mahoning County,60327,49811,110917,10516,0.5438931813878847,0.44908354896003316,0.09480963242785151
OH,39101,Marion County,18656,7717,26597,10939,0.7014324923863594,0.29014550513215775,0.41128698725420165
OH,39103,Medina County,65288,39234,105445,26054,0.6191663900611694,0.37208023140025603,0.24708615866091332
OH,39105,Meigs County,8002,2182,10254,5820,0.7803783889213965,0.21279500682660424,0.5675833820947923
OH,39107,Mercer County,19483,3831,23487,15652,0.8295227146932346,0.16311150849406053,0.666411206199174
OH,39109,Miami County,41974,15732,58229,26242,0.7208435659207612,0.27017465524051587,0.4506689106802453
OH,39111,Monroe County,5318,1318,6695,4000,0.7943241224794623,0.19686333084391336,0.5974607916355489
OH,39113,Montgomery County,122645,123158,248105,-513,0.4943269986497652,0.4963946716108099,-0.0020676729610447087
OH,39115,Morgan County,5083,1539,6675,3544,0.761498127340824,0.230561797752809,0.530936329588015
OH,39117,Morrow County,14413,4062,18618,10351,0.7741433021806854,0.21817595874959717,0.5559673434310882
OH,39119,Muskingum County,27664,10716,38685,16948,0.715109215458188,0.27700659170221015,0.4381026237559778
OH,39121,Noble County,4988,1060,6090,3928,0.819047619047619,0.17405582922824303,0.644991789819376
OH,39123,Ottawa County,14872,8866,23956,6006,0.620804808816163,0.3700951744865587,0.25070963432960425
OH,39125,Paulding County,7085,1964,9133,5121,0.7757582393518012,0.21504434468411257,0.5607138946676886
OH,39127,Perry County,12811,3747,16686,9064,0.7677693875104878,0.22455951096727797,0.5432098765432098
OH,39129,Pickaway County,21154,7282,28700,13872,0.7370731707317073,0.2537282229965157,0.4833449477351916
OH,39131,Pike County,9113,2757,11943,6356,0.7630411119484217,0.2308465209746295,0.5321945909737922
OH,39133,Portage County,46717,33943,81387,12774,0.5740105913720864,0.41705677810952607,0.15695381326256036
OH,39135,Preble County,16936,4294,21392,12642,0.7916978309648467,0.20072924457741212,0.5909685863874345
OH,39137,Putnam County,16419,2962,19562,13457,0.8393313567119927,0.15141601063285962,0.6879153460791331
OH,39139,Richland County,40557,16285,57300,24272,0.7078010471204188,0.28420593368237346,0.42359511343804535
OH,39141,Ross County,22247,9633,32156,12614,0.6918460007463615,0.2995708421445453,0.39227515860181617
OH,39143,Sandusky County,18978,9987,29224,8991,0.6493977552696414,0.3417396660279223,0.3076580892417191
OH,39145,Scioto County,22320,7861,30359,14459,0.7352020817549986,0.2589347475213281,0.47626733423367046
OH,39147,Seneca County,16927,7665,24845,9262,0.6813040853290401,0.30851277923123366,0.3727913060978064
OH,39149,Shelby County,20348,4295,24837,16053,0.8192615855377059,0.17292748721665258,0.6463340983210533
OH,39151,Stark County,109461,69732,180756,39729,0.6055732589789551,0.3857797251543517,0.21979353382460337
OH,39153,Summit County,123508,142188,268133,-18680,0.46062215393107153,0.5302890729600609,-0.06966691902898936
OH,39155,Trumbull County,54575,38839,94168,15736,0.579549316115878,0.41244371761107806,0.16710559850479995
OH,39157,Tuscarawas County,30093,11905,42327,18188,0.7109646325040754,0.2812625510903206,0.42970208141375477
OH,39159,Union County,23611,12735,36715,10876,0.6430886558627265,0.3468609560125289,0.29622769985019753
OH,39161,Van Wert County,11535,2976,14624,8559,0.7887718818380745,0.20350109409190373,0.5852707877461707
OH,39163,Vinton County,4465,1158,5658,3307,0.7891481088723931,0.2046659597030753,0.5844821491693177
OH,39165,Warren County,89676,46444,137434,43232,0.6525022920092554,0.337936755096992,0.31456553691226335
OH,39167,Washington County,21754,8479,30468,13275,0.713995011159249,0.2782919784692136,0.4357030326900354
OH,39169,Wayne County,36207,15704,52381,20503,0.6912239170691663,0.2998033638151238,0.3914205532540425
OH,39171,Williams County,13461,4644,18274,8817,0.7366203349020466,0.25413155302615736,0.4824887818758892
OH,39173,Wood County,36877,30016,67565,6861,0.5458003404129357,0.4442536816399023,0.10154665877303337
OH,39175,Wyandot County,8390,2694,11175,5696,0.7507829977628635,0.2410738255033557,0.5097091722595077
OK,40001,Adair County,5860,1289,7256,4571,0.8076074972436604,0.17764608599779494,0.6299614112458655
OK,40003,Alfalfa County,1891,236,2160,1655,0.875462962962963,0.10925925925925926,0.7662037037037037
OK,40005,Atoka County,4832,779,5662,4053,0.8534086895090074,0.13758389261744966,0.7158247968915578
OK,40007,Beaver County,1938,158,2124,1780,0.9124293785310734,0.0743879472693032,0.8380414312617702
OK,40009,Beckham County,6474,1093,7678,5381,0.8431883302943475,0.1423547798905965,0.700833550403751
OK,40011,Blaine County,3054,671,3786,2383,0.8066561014263075,0.17723190702588484,0.6294241944004226
OK,40013,Bryan County,13999,3569,17812,10430,0.7859308331461936,0.20037053671682012,0.5855602964293735
OK,40015,Caddo County,6886,2414,9496,4472,0.7251474304970514,0.254212299915754,0.47093513058129743
OK,40017,Canadian County,50551,21038,73074,29513,0.6917781974436872,0.2878999370501136,0.4038782603935736
OK,40019,Carter County,14945,4277,19488,10668,0.766882183908046,0.2194683908045977,0.5474137931034483
OK,40021,Cherokee County,11637,5826,17823,5811,0.6529203837737755,0.32688099646524155,0.32603938730853393
OK,40023,Choctaw County,4633,944,5639,3689,0.8215995743926228,0.16740556836318496,0.6541940060294378
OK,40025,Cimarron County,860,66,935,794,0.9197860962566845,0.07058823529411765,0.8491978609625669
OK,40027,Cleveland County,67225,49432,119294,17793,0.5635237312857311,0.4143712173286167,0.14915251395711437
OK,40029,Coal County,2155,345,2538,1810,0.8490937746256895,0.1359338061465721,0.7131599684791173
OK,40031,Comanche County,20823,12823,34284,8000,0.6073678683934197,0.37402286781005717,0.23334500058336255
OK,40033,Cotton County,2067,392,2506,1675,0.8248204309656824,0.1564245810055866,0.6683958499600957
OK,40035,Craig County,4740,1212,6056,3528,0.7826948480845443,0.2001321003963012,0.5825627476882431
OK,40037,Creek County,24098,6643,31312,17455,0.76960909555442,0.21215508431272356,0.5574540112416965
OK,40039,Custer County,7693,2279,10168,5414,0.7565892997639654,0.2241345397324941,0.5324547600314713
OK,40041,Delaware County,14407,3475,18108,10932,0.7956151977026729,0.19190413077092996,0.6037110669317429
OK,40043,Dewey County,1984,209,2215,1775,0.8957110609480813,0.0943566591422122,0.8013544018058691
OK,40045,Ellis County,1585,197,1812,1388,0.8747240618101545,0.108719646799117,0.7660044150110374
OK,40047,Garfield County,16593,4849,21844,11744,0.7596136238784106,0.2219831532686321,0.5376304706097785
OK,40049,Garvin County,9063,1802,10991,7261,0.8245837503411882,0.1639523246292421,0.6606314257119461
OK,40051,Grady County,20378,4536,25283,15842,0.8059961238777044,0.17940908911126052,0.6265870347664438
OK,40053,Grant County,1794,295,2125,1499,0.8442352941176471,0.1388235294117647,0.7054117647058824
OK,40055,Greer County,1511,304,1836,1207,0.8229847494553377,0.1655773420479303,0.6574074074074074
OK,40057,Harmon County,709,165,882,544,0.8038548752834467,0.1870748299319728,0.6167800453514739
OK,40059,Harper County,1284,147,1451,1137,0.8849069607167471,0.10130944176430048,0.7835975189524467
OK,40061,Haskell County,4156,718,4936,3438,0.8419773095623987,0.1454619124797407,0.696515397082658
OK,40063,Hughes County,3744,831,4659,2913,0.8036059240180297,0.1783644558918223,0.6252414681262074
OK,40065,Jackson County,6295,1602,8053,4693,0.7816962622625109,0.19893207500310442,0.5827641872594065
OK,40067,Jefferson County,2020,319,2375,1701,0.8505263157894737,0.13431578947368422,0.7162105263157894
OK,40069,Johnston County,3462,684,4230,2778,0.8184397163120567,0.16170212765957448,0.6567375886524822
OK,40071,Kay County,12483,4136,16913,8347,0.7380713060959025,0.2445456157984982,0.49352569029740434
OK,40073,Kingfisher County,5745,923,6754,4822,0.8506070476754516,0.13665975718092982,0.7139472904945218
OK,40075,Kiowa County,2569,658,3278,1911,0.7837095790115924,0.20073215375228798,0.5829774252593045
OK,40077,Latimer County,3356,681,4079,2675,0.8227506741848493,0.16695268448149056,0.6557979897033587
OK,40079,Le Flore County,15333,3184,18754,12149,0.8175855817425616,0.169777114215634,0.6478084675269276
OK,40081,Lincoln County,12495,2712,15465,9783,0.8079534432589719,0.17536372453928226,0.6325897187196896
OK,40083,Logan County,17748,5901,24149,11847,0.7349372644830013,0.24435794442834072,0.49057932005466065
OK,40085,Love County,3510,689,4260,2821,0.823943661971831,0.16173708920187793,0.6622065727699531
OK,40087,McClain County,17005,4031,21397,12974,0.7947375800345843,0.18839089591998878,0.6063466841145955
OK,40089,McCurtain County,9485,1696,11309,7789,0.8387125298434875,0.14996905119816076,0.6887434786453268
OK,40091,McIntosh County,6387,1937,8439,4450,0.7568432278706008,0.22952956511435005,0.5273136627562507
OK,40093,Major County,3087,327,3478,2760,0.8875790684301322,0.09401955146635997,0.7935595169637722
OK,40095,Marshall County,5348,1169,6589,4179,0.8116557899529518,0.17741690696615572,0.6342388829867961
OK,40097,Mayes County,13514,3529,17374,9985,0.7778289397950962,0.20311960400598594,0.5747093357891102
OK,40099,Murray County,4689,1080,5885,3609,0.7967714528462192,0.18351741716227699,0.6132540356839422
OK,40101,Muskogee County,16550,7400,24357,9150,0.6794761259596831,0.3038140986164142,0.3756620273432689
OK,40103,Noble County,3853,1009,4957,2844,0.777284647972564,0.20355053459753883,0.5737341133750252
OK,40105,Nowata County,3774,720,4561,3054,0.8274501205875905,0.1578601183950888,0.6695900021925016
OK,40107,Okfuskee County,3080,854,3988,2226,0.7723169508525577,0.21414242728184554,0.5581745235707122
OK,40109,Oklahoma County,143618,138769,288923,4849,0.497080537028897,0.4802975187160593,0.016783018312837683
OK,40111,Okmulgee County,10100,3979,14349,6121,0.7038818036100076,0.27730155411526936,0.4265802494947383
OK,40113,Osage County,14404,5867,20628,8537,0.6982741904207873,0.28441923598991664,0.41385495443087067
OK,40115,Ottawa County,8490,2511,11178,5979,0.7595276435856146,0.2246376811594203,0.5348899624261944
OK,40117,Pawnee County,5405,1355,6880,4050,0.7856104651162791,0.19694767441860464,0.5886627906976745
OK,40119,Payne County,17962,10560,29279,7402,0.6134772362444073,0.3606680556029919,0.2528091806414154
OK,40121,Pittsburg County,13841,3473,17572,10368,0.7876735715911678,0.19764397905759162,0.5900295925335761
OK,40123,Pontotoc County,10967,3895,15174,7072,0.7227494398312904,0.25668907341505204,0.4660603664162383
OK,40125,Pottawatomie County,20915,7266,28774,13649,0.726871481198304,0.25251963578230346,0.47435184541600056
OK,40127,Pushmataha County,4025,616,4702,3409,0.8560187154402382,0.1310080816673756,0.7250106337728626
OK,40129,Roger Mills County,1548,160,1733,1388,0.8932487016733988,0.09232544720138489,0.8009232544720138
OK,40131,Rogers County,35942,10146,46902,25796,0.7663212656176709,0.2163233977229116,0.5499978678947592
OK,40133,Seminole County,5951,1951,8044,4000,0.7398060666335157,0.24254102436598707,0.4972650422675286
OK,40135,Sequoyah County,12491,2907,15583,9584,0.8015786433934415,0.18654944490791248,0.6150291984855291
OK,40137,Stephens County,15092,3236,18620,11856,0.8105263157894737,0.17379162191192266,0.636734693877551
OK,40139,Texas County,4319,793,5206,3526,0.8296196696119862,0.1523242412600845,0.6772954283519017
OK,40141,Tillman County,2006,500,2533,1506,0.7919463087248322,0.1973943939992104,0.5945519147256217
OK,40143,Tulsa County,145241,106105,256939,39136,0.5652742479732543,0.412957939433095,0.15231630854015932
OK,40145,Wagoner County,28487,9330,38501,19157,0.7399028596659827,0.24233136801641517,0.4975714916495675
OK,40147,Washington County,16836,5793,23174,11043,0.7265038405109174,0.24997842409596963,0.47652541641494783
OK,40149,Washita County,4030,551,4652,3479,0.8662940670679278,0.11844368013757524,0.7478503869303526
OK,40151,Woods County,2955,614,3638,2341,0.8122594832325454,0.16877405167674547,0.6434854315557998
OK,40153,Woodward County,6231,967,7312,5264,0.8521608315098468,0.13224835886214442,0.7199124726477024
OR,41001,Baker County,6984,2301,9523,4683,0.7333823374986874,0.2416255381707445,0.4917567993279429
OR,41003,Benton County,14041,33579,49336,-19538,0.28459948110912925,0.6806186152099887,-0.3960191341008594
OR,41005,Clackamas County,103832,126979,237953,-23147,0.4363550785239102,0.5336305909150126,-0.09727551239110244
OR,41007,Clatsop County,9829,12442,22989,-2613,0.42755230762538604,0.5412153638696768,-0.1136630562442908
OR,41009,Columbia County,17184,12865,31094,4319,0.5526468128899467,0.4137454171222744,0.13890139576767224
OR,41011,Coos County,20587,13596,35166,6991,0.5854234203492009,0.3866234430984474,0.19879997725075355
OR,41013,Crook County,11804,3731,15892,8073,0.7427636546690158,0.234772212433929,0.5079914422350869
OR,41015,Curry County,7943,5685,14018,2258,0.5666286203452704,0.4055500071336853,0.16107861321158512
OR,41017,Deschutes County,53318,65677,122417,-12359,0.43554408292965846,0.5365022831796238,-0.10095820024996532
OR,41019,Douglas County,41059,18181,60756,22878,0.6758015669234314,0.29924616498782014,0.37655540193561127
OR,41021,Gilliam County,805,291,1130,514,0.7123893805309734,0.2575221238938053,0.45486725663716815
OR,41023,Grant County,3483,813,4421,2670,0.7878308075096132,0.18389504636959964,0.6039357611400136
OR,41025,Harney County,3305,795,4227,2510,0.7818784007570381,0.1880766501064585,0.5938017506505796
OR,41027,Hood River County,3791,8262,12451,-4471,0.3044735362621476,0.6635611597462051,-0.3590876234840575
OR,41029,Jackson County,61535,53907,118577,7628,0.5189454953321471,0.45461598792345903,0.06432950740868804
OR,41031,Jefferson County,7438,3921,11653,3517,0.6382905689522012,0.33647987642667126,0.3018106925255299
OR,41033,Josephine County,30696,16592,48521,14104,0.6326332928010552,0.34195502978091963,0.29067826302013555
OR,41035,Klamath County,24613,9829,35281,14784,0.6976276182647884,0.2785918766474873,0.41903574161730106
OR,41037,Lake County,3367,670,4130,2697,0.8152542372881356,0.162227602905569,0.6530266343825666
OR,41039,Lane County,76149,123957,206547,-47808,0.3686763787418844,0.6001394355764064,-0.23146305683452195
OR,41041,Lincoln County,11589,17019,29519,-5430,0.39259460008807884,0.5765439208645279,-0.18394932077644904
OR,41043,Linn County,43065,25739,71028,17326,0.6063101875316776,0.36237821704116685,0.2439319704905108
OR,41045,Malheur County,7593,2830,10738,4763,0.7071149189793258,0.26355000931272116,0.4435649096666046
OR,41047,Marion County,76943,73838,155453,3105,0.49495989141412516,0.47498600863283436,0.019973882781290808
OR,41049,Morrow County,3402,1132,4693,2270,0.7249094395908801,0.2412103132324739,0.4836991263584062
OR,41051,Multnomah County,70231,323969,408474,-253738,0.17193505584198748,0.793120247555536,-0.6211851917135485
OR,41053,Polk County,23695,21908,47025,1787,0.5038809144072302,0.46587985114300906,0.03800106326422109
OR,41055,Sherman County,877,229,1138,648,0.7706502636203867,0.20123022847100175,0.569420035149385
OR,41057,Tillamook County,7944,7726,16130,218,0.4924984500929944,0.47898326100433974,0.013515189088654678
OR,41059,Umatilla County,20809,9170,30832,11639,0.6749156720290607,0.29741826673585886,0.3774974052932018
OR,41061,Union County,9872,4043,14364,5829,0.6872737399053188,0.28146755778334726,0.40580618212197156
OR,41063,Wallowa County,3366,1572,5081,1794,0.6624680181066719,0.3093879157646133,0.3530801023420586
OR,41065,Wasco County,6754,6005,13185,749,0.5122487675388699,0.45544178991277967,0.05680697762609027
OR,41067,Washington County,92427,192641,295038,-100214,0.3132715107884408,0.652936231943004,-0.3396647211545632
OR,41069,Wheeler County,616,210,863,406,0.7137891077636153,0.24333719582850522,0.47045191193511005
OR,41071,Yamhill County,29484,25971,57324,3513,0.5143395436466401,0.45305631149256853,0.06128323215407161
PA,42001,Adams County,40248,19842,60650,20406,0.6636108821104699,0.3271558120362737,0.3364550700741962
PA,42003,Allegheny County,283250,429160,719384,-145910,0.39373964391757393,0.5965659508690768,-0.2028263069515029
PA,42005,Armstrong County,28296,8553,37119,19743,0.7623050189929685,0.2304210781540451,0.5318839408389234
PA,42007,Beaver County,56834,37195,94839,19639,0.5992682335326185,0.39219097628612704,0.20707725724649145
PA,42009,Bedford County,23658,4336,28160,19322,0.8401278409090909,0.15397727272727274,0.6861505681818181
PA,42011,Berks County,116660,91116,209812,25544,0.5560215812250967,0.43427449335595675,0.12174708786913996
PA,42013,Blair County,46352,18127,64949,28225,0.7136676469229704,0.27909590601856843,0.4345717409044019
PA,42015,Bradford County,22937,7990,31192,14947,0.7353488073865093,0.25615542446781225,0.47919338291869706
PA,42017,Bucks County,198764,198472,401113,292,0.49553118447918665,0.49480321006798583,0.0007279744112008157
PA,42019,Butler County,79773,40661,121440,39112,0.6568922924901186,0.3348237812911726,0.32206851119894603
PA,42021,Cambria County,49408,21177,71136,28231,0.6945569050832209,0.29769736842105265,0.3968595366621682
PA,42023,Cameron County,1654,538,2219,1116,0.7453808021631365,0.24245155475439387,0.5029292474087427
PA,42025,Carbon County,23708,11394,35395,12314,0.6698121203559825,0.3219098742760277,0.3479022460799548
PA,42027,Centre County,38824,41114,80782,-2290,0.4806021143324008,0.5089500136168948,-0.02834789928449405
PA,42029,Chester County,137291,184218,324895,-46927,0.4225703688884101,0.5670078025208144,-0.1444374336324043
PA,42031,Clarion County,15035,4561,19731,10474,0.7619988850032943,0.23115908975723481,0.5308397952460595
PA,42033,Clearfield County,30481,9647,40430,20834,0.75392035617116,0.23860994311155082,0.5153104130596092
PA,42035,Clinton County,12965,5395,18522,7570,0.6999784040600368,0.2912752402548321,0.40870316380520466
PA,42037,Columbia County,21209,11088,32600,10121,0.6505828220858896,0.3401226993865031,0.3104601226993865
PA,42039,Crawford County,29685,12858,42872,16827,0.6924099645456242,0.29991602910990856,0.39249393543571565
PA,42041,Cumberland County,80267,66255,148396,14012,0.5408973287689696,0.4464742984986118,0.09442303027035776
PA,42043,Dauphin County,69474,78327,149526,-8853,0.46462822519160546,0.5238353196099675,-0.05920709441836208
PA,42045,Delaware County,123421,201324,328172,-77903,0.37608632058798436,0.6134709847275209,-0.23738466413953657
PA,42047,Elk County,12543,4483,17153,8060,0.7312423482772693,0.26135369906138867,0.46988864921588064
PA,42049,Erie County,68862,67436,137571,1426,0.5005560764986807,0.4901905198043192,0.01036555669436151
PA,42051,Fayette County,43631,19547,63469,24084,0.6874379618396382,0.3079771226898171,0.37946083914982115
PA,42053,Forest County,1902,724,2650,1178,0.7177358490566038,0.2732075471698113,0.4445283018867925
PA,42055,Franklin County,59604,23543,83884,36061,0.7105526679700539,0.28066138953793335,0.42989127843212055
PA,42057,Fulton County,7039,1102,8177,5937,0.860829154946802,0.13476825241531123,0.7260609025314908
PA,42059,Greene County,12319,4592,17236,7727,0.7147249941981898,0.2664191227663031,0.4483058714318867
PA,42061,Huntingdon County,17627,5368,23156,12259,0.761228191397478,0.23181896700639143,0.5294092243910866
PA,42063,Indiana County,29215,12697,42229,16518,0.6918231547041133,0.3006701555802884,0.39115299912382484
PA,42065,Jefferson County,18235,4707,23129,13528,0.7884041679277098,0.2035107440875092,0.5848934238402006
PA,42067,Juniata County,9721,2290,12104,7431,0.8031229345670853,0.18919365499008592,0.6139292795769994
PA,42069,Lackawanna County,56261,59510,116590,-3249,0.48255424993567203,0.5104211338879835,-0.02786688395231146
PA,42071,Lancaster County,166261,120120,289258,46141,0.5747844484854352,0.4152694134647961,0.15951503502063907
PA,42073,Lawrence County,31347,15440,47110,15907,0.6654001273614943,0.32774357885799194,0.3376565485035024
PA,42075,Lebanon County,48282,24734,73692,23548,0.6551864517179612,0.33564023231829776,0.31954621939966343
PA,42077,Lehigh County,91207,96317,189810,-5110,0.4805173594647279,0.5074390179653337,-0.02692165850060585
PA,42079,Luzerne County,92397,62445,156043,29952,0.592125247527925,0.40017815602109674,0.1919470915068282
PA,42081,Lycoming County,41961,17216,59685,24745,0.7030409650665996,0.2884476836726146,0.41459328139398505
PA,42083,McKean County,14401,5115,19682,9286,0.7316837719743928,0.2598821258002236,0.47180164617416925
PA,42085,Mercer County,37761,20145,58410,17616,0.6464817668207499,0.344889573703133,0.30159219311761687
PA,42087,Mifflin County,17184,4735,22071,12449,0.7785782248198995,0.21453491006297856,0.5640433147569209
PA,42089,Monroe County,42690,42017,85549,673,0.4990122619785152,0.49114542542870165,0.007866836549813572
PA,42091,Montgomery County,198311,317103,520906,-118792,0.3807040041773372,0.608752826805604,-0.22804882262826687
PA,42093,Montour County,5944,3862,9908,2082,0.5999192571659265,0.3897860314897053,0.21013322567622122
PA,42095,Northampton County,89737,86430,177905,3307,0.5044096568393244,0.48582108428655746,0.018588572552766913
PA,42097,Northumberland County,30240,12863,43522,17377,0.6948210100638758,0.29555167501493496,0.3992693350489408
PA,42099,Perry County,19073,6385,25725,12688,0.741418853255588,0.24820213799805638,0.49321671525753163
PA,42101,Philadelphia County,144154,567871,720572,-423717,0.2000549563402408,0.7880836335577847,-0.5880286772175438
PA,42103,Pike County,21537,13132,34950,8405,0.6162231759656652,0.3757367668097282,0.24048640915593705
PA,42105,Potter County,7334,1675,9085,5659,0.8072647220693451,0.18436984039625756,0.6228948816730875
PA,42107,Schuylkill County,51665,20882,73184,30783,0.7059603191954525,0.28533559247923046,0.4206247267162221
PA,42109,Snyder County,14664,5239,20038,9425,0.7318095618325182,0.26145323884619226,0.47035632298632596
PA,42111,Somerset County,31993,8596,40881,23397,0.7825884885399085,0.21026882904038552,0.572319659499523
PA,42113,Sullivan County,2721,976,3721,1745,0.7312550389680194,0.26229508196721313,0.4689599570008062
PA,42115,Susquehanna County,16114,6093,22404,10021,0.7192465631137297,0.2719603642206749,0.4472861988930548
PA,42117,Tioga County,16272,5100,21587,11172,0.7537870014360495,0.23625330059758187,0.5175337008384676
PA,42119,Union County,12969,8014,21187,4955,0.6121206400151036,0.3782508141785057,0.23386982583659788
PA,42121,Venango County,18887,7631,26743,11256,0.7062408854653555,0.28534569793964776,0.4208951875257077
PA,42123,Warren County,14332,6205,20703,8127,0.6922668212336376,0.29971501714727333,0.39255180408636425
PA,42125,Washington County,75929,44910,121617,31019,0.6243288356068641,0.3692740324132317,0.25505480319363244
PA,42127,Wayne County,20071,9150,29444,10921,0.6816668930851787,0.31075940768917265,0.37090748539600604
PA,42129,Westmoreland County,135008,74904,211450,60104,0.638486639867581,0.35423977299598014,0.2842468668716009
PA,42131,Wyoming County,10222,4680,15052,5542,0.6791124103109222,0.31092213659314377,0.3681902737177784
PA,42133,York County,154880,91915,249194,62965,0.6215237927076895,0.36884916972318754,0.252674622984502
RI,44001,Bristol County,10048,17458,28117,-7410,0.3573638723903688,0.6209055020094605,-0.26354162961909167
RI,44003,Kent County,44526,46269,92648,-1743,0.480593213021328,0.49940635523702614,-0.01881314221569813
RI,44005,Newport County,16027,27332,44349,-11305,0.36138357121919323,0.6162934902703556,-0.2549099190511624
RI,44007,Providence County,112558,151508,269989,-38950,0.41689846623380955,0.5611636029616022,-0.14426513672779262
RI,44009,Washington County,31247,42589,75556,-11342,0.41356080258351424,0.5636746254433798,-0.15011382285986552
SC,45001,Abbeville County,8509,3399,12048,5110,0.7062583001328021,0.28212151394422313,0.424136786188579
SC,45003,Aiken County,53592,31298,86091,22294,0.622504094504652,0.3635455506382781,0.25895854386637396
SC,45005,Allendale County,813,2165,3023,-1352,0.26893814091961626,0.7161759841217333,-0.44723784320211707
SC,45007,Anderson County,71828,25281,98296,46547,0.7307316676161797,0.2571925612435908,0.4735391063725889
SC,45009,Bamberg County,2376,3245,5694,-869,0.4172813487881981,0.5698981383912891,-0.152616789603091
SC,45011,Barnwell County,5605,4082,9803,1523,0.5717637457921044,0.41640314189533817,0.15536060389676626
SC,45013,Beaufort County,59123,44002,104403,15121,0.5662959876631898,0.42146298478013083,0.14483300288305895
SC,45015,Berkeley County,64777,46416,112834,18361,0.5740911427406633,0.41136536859457257,0.16272577414609074
SC,45017,Calhoun County,4474,3339,7914,1135,0.5653272681324235,0.42191053828658076,0.14341672984584275
SC,45019,Charleston County,99265,111427,214521,-12162,0.4627285906741065,0.5194223409363186,-0.05669375026221207
SC,45021,Cherokee County,18697,5939,24839,12758,0.7527275655219614,0.23909980272957848,0.5136277627923829
SC,45023,Chester County,9030,6353,15556,2677,0.5804834147595783,0.4083954744150167,0.1720879403445616
SC,45025,Chesterfield County,11682,6520,18391,5162,0.6352020009787396,0.3545212332118971,0.2806807677668425
SC,45027,Clarendon County,9065,7064,16320,2001,0.555453431372549,0.432843137254902,0.12261029411764701
SC,45029,Colleton County,10696,7376,18276,3320,0.5852484132195229,0.40358940687240097,0.18165900634712195
SC,45031,Darlington County,17017,12977,30331,4040,0.5610431571659359,0.4278460980514985,0.1331970591144374
SC,45033,Dillon County,6526,5241,11861,1285,0.550206559312031,0.44186830789983983,0.10833825141219117
SC,45035,Dorchester County,43839,32489,77764,11350,0.5637441489635306,0.4177897227508873,0.14595442621264332
SC,45037,Edgefield County,9092,4659,13919,4433,0.6532078453911919,0.33472232200589125,0.3184855233853007
SC,45039,Fairfield County,4792,6277,11215,-1485,0.4272848863129737,0.5596968345965225,-0.13241194828354885
SC,45041,Florence County,32615,27706,61140,4909,0.533447824664704,0.45315668956493294,0.08029113509977104
SC,45043,Georgetown County,22326,14965,37754,7361,0.591354558457382,0.39638184033479895,0.1949727181225831
SC,45045,Greenville County,158541,100074,263316,58467,0.6020940618876179,0.3800528642391651,0.22204119764845281
SC,45047,Greenwood County,19715,10766,30888,8949,0.6382737632737633,0.34854959854959855,0.28972416472416473
SC,45049,Hampton County,3801,4328,8233,-527,0.46167861047005954,0.5256892991619094,-0.06401068869184989
SC,45051,Horry County,141719,62325,205954,79394,0.688109966303155,0.3026161181623081,0.3854938481408469
SC,45053,Jasper County,9900,8144,18227,1756,0.5431502715751357,0.4468096779502935,0.09634059362484221
SC,45055,Kershaw County,21289,11826,33533,9463,0.6348671457966779,0.35266752154593983,0.2821996242507381
SC,45057,Lancaster County,33623,20146,54427,13477,0.6177632425083139,0.3701471696033219,0.24761607290499205
SC,45059,Laurens County,21110,8769,30213,12341,0.6987058550954887,0.29023930096316153,0.40846655413232713
SC,45061,Lee County,3078,4505,8076,-1427,0.38112927191679047,0.557825656265478,-0.1766963843486875
SC,45063,Lexington County,96965,47815,146903,49150,0.6600614010605638,0.3254868859043042,0.3345745151562596
SC,45065,McCormick County,3565,2513,6153,1052,0.5793921664228832,0.40841865756541523,0.17097350885746793
SC,45067,Marion County,5906,7316,13388,-1410,0.441141320585599,0.5464595159844637,-0.10531819539886472
SC,45069,Marlboro County,4896,5137,10152,-241,0.48226950354609927,0.5060086682427108,-0.02373916469661158
SC,45071,Newberry County,12067,5841,18129,6226,0.6656186220971924,0.32219096475260633,0.343427657344586
SC,45073,Oconee County,31772,9987,42264,21785,0.751750899110354,0.23630039750141965,0.5154505016089344
SC,45075,Orangeburg County,13750,22832,36970,-9082,0.37192318095753313,0.6175818230998107,-0.24565864214227756
SC,45077,Pickens County,45728,13891,60451,31837,0.7564473705976742,0.22978941622140245,0.5266579543762717
SC,45079,Richland County,58019,121110,182411,-63091,0.3180674411082665,0.6639402229032241,-0.34587278179495756
SC,45081,Saluda County,6452,2454,9014,3998,0.7157754603949412,0.272243177279787,0.44353228311515425
SC,45083,Spartanburg County,103032,50710,155597,52322,0.6621721498486475,0.3259060264658059,0.33626612338284156
SC,45085,Sumter County,21215,23425,45170,-2210,0.46967013504538413,0.5185964135488156,-0.04892627850343145
SC,45087,Union County,8102,4084,12289,4018,0.6592887948571894,0.3323297257710147,0.32695906908617467
SC,45089,Williamsburg County,5524,8634,14330,-3110,0.38548499651081647,0.6025122121423587,-0.21702721563154226
SC,45091,York County,88239,59600,150059,28639,0.5880287087079082,0.3971771103366009,0.19085159837130733
SD,46003,Aurora County,1056,302,1393,754,0.7580760947595119,0.21679827709978464,0.5412778176597273
SD,46005,Beadle County,4826,2017,7010,2809,0.6884450784593438,0.2877318116975749,0.4007132667617689
SD,46007,Bennett County,676,389,1088,287,0.6213235294117647,0.35753676470588236,0.26378676470588236
SD,46009,Bon Homme County,2236,697,2992,1539,0.7473262032085561,0.23295454545454544,0.5143716577540107
SD,46011,Brookings County,8575,5978,14939,2597,0.5740009371443872,0.40016065332351564,0.17384028382087152
SD,46013,Brown County,10645,6075,17043,4570,0.6245966085783019,0.35645132899137477,0.26814527958692713
SD,46015,Brule County,1694,666,2423,1028,0.6991333058192324,0.27486586875773833,0.42426743706149406
SD,46017,Buffalo County,164,291,466,-127,0.351931330472103,0.6244635193133047,-0.2725321888412017
SD,46019,Butte County,4024,942,5082,3082,0.7918142463597009,0.18536009445100354,0.6064541519086973
SD,46021,Campbell County,706,120,836,586,0.8444976076555024,0.14354066985645933,0.7009569377990431
SD,46023,Charles Mix County,2551,1000,3615,1551,0.7056708160442601,0.2766251728907331,0.429045643153527
SD,46025,Clark County,1382,415,1842,967,0.750271444082519,0.2252985884907709,0.5249728555917481
SD,46027,Clay County,2574,2944,5657,-370,0.4550114901891462,0.5204171822520771,-0.0654056920629309
SD,46029,Codington County,9349,3840,13510,5509,0.6920059215396003,0.2842339008142117,0.4077720207253886
SD,46031,Corson County,631,495,1143,136,0.5520559930008749,0.4330708661417323,0.11898512685914264
SD,46033,Custer County,4313,1567,6001,2746,0.718713547742043,0.26112314614230964,0.45759040159973335
SD,46035,Davison County,6208,2743,9177,3465,0.6764737931785987,0.2988994224692165,0.37757437070938216
SD,46037,Day County,1876,1000,2932,876,0.6398362892223738,0.34106412005457026,0.2987721691678035
SD,46039,Deuel County,1717,528,2298,1189,0.747171453437772,0.2297650130548303,0.5174064403829417
SD,46041,Dewey County,793,1032,1871,-239,0.4238375200427579,0.5515766969535008,-0.12773917691074288
SD,46043,Douglas County,1419,219,1658,1200,0.8558504221954162,0.13208685162846803,0.7237635705669482
SD,46045,Edmunds County,1618,384,2031,1234,0.7966518956179222,0.18906942392909898,0.6075824716888232
SD,46047,Fall River County,3135,1030,4274,2105,0.7335049134300421,0.24099204492278894,0.4925128685072532
SD,46049,Faulk County,920,183,1130,737,0.8141592920353983,0.16194690265486725,0.652212389380531
SD,46051,Grant County,2594,946,3630,1648,0.7146005509641873,0.2606060606060606,0.45399449035812667
SD,46053,Gregory County,1790,426,2267,1364,0.7895897662108513,0.1879135421261579,0.6016762240846933
SD,46055,Haakon County,1004,105,1125,899,0.8924444444444445,0.09333333333333334,0.7991111111111111
SD,46057,Hamlin County,2560,610,3226,1950,0.7935523868567886,0.18908865468071917,0.6044637321760695
SD,46059,Hand County,1376,365,1764,1011,0.780045351473923,0.20691609977324263,0.5731292517006803
SD,46061,Hanson County,1611,399,2046,1212,0.7873900293255132,0.19501466275659823,0.5923753665689149
SD,46063,Harding County,754,48,820,706,0.9195121951219513,0.05853658536585366,0.8609756097560975
SD,46065,Hughes County,5379,2838,8435,2541,0.6377000592768227,0.3364552459988145,0.3012448132780082
SD,46067,Hutchinson County,2918,755,3736,2163,0.7810492505353319,0.20208779443254818,0.5789614561027837
SD,46069,Hyde County,530,148,695,382,0.762589928057554,0.21294964028776978,0.5496402877697842
SD,46071,Jackson County,753,357,1129,396,0.66696191319752,0.31620903454384414,0.3507528786536758
SD,46073,Jerauld County,708,276,999,432,0.7087087087087087,0.27627627627627627,0.43243243243243246
SD,46075,Jones County,477,60,550,417,0.8672727272727273,0.10909090909090909,0.7581818181818182
SD,46077,Kingsbury County,1989,760,2801,1229,0.7101035344519815,0.2713316672616923,0.4387718671902892
SD,46079,Lake County,3819,1978,5906,1841,0.6466305452082628,0.3349136471385032,0.3117168980697596
SD,46081,Lawrence County,9904,5074,15409,4830,0.6427412551106496,0.32928807839574276,0.31345317671490686
SD,46083,Lincoln County,22621,12981,36393,9640,0.6215755777209903,0.35668947325035033,0.2648861044706399
SD,46085,Lyman County,993,422,1447,571,0.686247408431237,0.29163787145818937,0.3946095369730476
SD,46087,McCook County,2227,733,3031,1494,0.7347410095677994,0.2418343780930386,0.4929066314747608
SD,46089,McPherson County,1087,188,1299,899,0.8367975365665897,0.1447267128560431,0.6920708237105466
SD,46091,Marshall County,1288,782,2109,506,0.6107159791370318,0.370791844476055,0.23992413466097678
SD,46093,Meade County,10887,3421,14672,7466,0.742025627044711,0.23316521264994547,0.5088604143947655
SD,46095,Mellette County,434,285,740,149,0.5864864864864865,0.38513513513513514,0.20135135135135135
SD,46097,Miner County,841,293,1167,548,0.7206512425021423,0.25107112253641817,0.46958011996572413
SD,46099,Minnehaha County,51842,39923,93986,11919,0.5515927904155938,0.4247760304726236,0.12681675994297026
SD,46101,Moody County,2068,1052,3189,1016,0.6484791470680464,0.32988397616807774,0.3185951708999687
SD,46102,Oglala Lakota County,406,2567,3062,-2161,0.1325930764206401,0.8383409536250817,-0.7057478772044415
SD,46103,Pennington County,35009,20051,56580,14958,0.6187522092612231,0.35438317426652527,0.2643690349946978
SD,46105,Perkins County,1342,228,1591,1114,0.8434946574481458,0.1433060967944689,0.7001885606536769
SD,46107,Potter County,1059,214,1298,845,0.8158705701078582,0.16486902927580893,0.6510015408320493
SD,46109,Roberts County,2514,1560,4149,954,0.6059291395516992,0.3759942154736081,0.22993492407809113
SD,46111,Sanborn County,929,259,1212,670,0.7665016501650165,0.2136963696369637,0.5528052805280528
SD,46115,Spink County,2145,921,3139,1224,0.6833386428798981,0.29340554316661355,0.38993309971328455
SD,46117,Stanley County,1260,447,1735,813,0.7262247838616714,0.2576368876080692,0.46858789625360225
SD,46119,Sully County,716,168,901,548,0.7946725860155383,0.1864594894561598,0.6082130965593784
SD,46121,Todd County,497,1570,2126,-1073,0.23377234242709313,0.7384760112888052,-0.5047036688617121
SD,46123,Tripp County,2150,470,2654,1680,0.8100979653353428,0.17709118311981914,0.6330067822155236
SD,46125,Turner County,3374,1044,4538,2330,0.743499338915822,0.23005729396209784,0.5134420449537241
SD,46127,Union County,6160,2548,8876,3612,0.694006309148265,0.2870662460567823,0.4069400630914827
SD,46129,Walworth County,1940,481,2466,1459,0.786699107866991,0.19505271695052717,0.5916463909164639
SD,46135,Yankton County,6650,3883,10832,2767,0.6139217134416544,0.35847488921713444,0.2554468242245199
SD,46137,Ziebach County,388,366,781,22,0.4967989756722151,0.4686299615877081,0.028169014084507005
TN,47001,Anderson County,24537,11510,36488,13027,0.6724676606007455,0.31544617408463055,0.3570214865161149
TN,47003,Bedford County,15752,4119,20066,11633,0.7850094687531147,0.20527260041861856,0.5797368683344961
TN,47005,Benton County,5880,1315,7252,4565,0.8108108108108109,0.1813292884721456,0.6294815223386653
TN,47007,Bledsoe County,5254,891,6191,4363,0.8486512679696333,0.14391859150379582,0.7047326764658375
TN,47009,Blount County,50646,17642,69147,33004,0.7324395852314634,0.2551376053914125,0.47730197984005085
TN,47011,Bradley County,38818,9852,49228,28966,0.7885349800926302,0.20013000731291136,0.5884049727797189
TN,47013,Campbell County,13111,2305,15524,10806,0.8445632568925535,0.1484797732543159,0.6960834836382376
TN,47015,Cannon County,5682,1132,6881,4550,0.8257520709199244,0.16451097224240663,0.6612410986775178
TN,47017,Carroll County,9535,2232,11868,7303,0.8034209639366363,0.18806875631951467,0.6153522076171216
TN,47019,Carter County,20165,4454,24850,15711,0.8114688128772636,0.1792354124748491,0.6322334004024145
TN,47021,Cheatham County,14977,5459,20724,9518,0.7226886701408994,0.26341439876471723,0.4592742713761822
TN,47023,Chester County,6203,1285,7573,4918,0.8190941502706985,0.16968176416215502,0.6494123861085435
TN,47025,Claiborne County,11462,1971,13533,9491,0.8469666740560112,0.1456439813788517,0.7013226926771595
TN,47027,Clay County,3113,614,3755,2499,0.8290279627163781,0.16351531291611185,0.6655126498002663
TN,47029,Cocke County,13068,2414,15625,10654,0.836352,0.154496,0.681856
TN,47031,Coffee County,19165,5437,24919,13728,0.7690918576186846,0.21818692563907058,0.550904931979614
TN,47033,Crockett County,4673,1196,5920,3477,0.7893581081081081,0.20202702702702702,0.5873310810810811
TN,47035,Cumberland County,27393,6995,34635,20398,0.7909051537462105,0.20196333188970694,0.5889418218565036
TN,47037,Davidson County,101899,181364,289163,-79465,0.352392941005592,0.6272033420596688,-0.2748104010540768
TN,47039,Decatur County,4596,819,5466,3777,0.8408342480790341,0.14983534577387486,0.6909989023051593
TN,47041,DeKalb County,7599,1706,9396,5893,0.8087484035759898,0.18156662409535973,0.62718177948063
TN,47043,Dickson County,18997,5912,25198,13085,0.7539090404000317,0.23462179538058575,0.5192872450194459
TN,47045,Dyer County,11600,2704,14388,8896,0.8062274117319989,0.18793438976925214,0.6182930219627467
TN,47047,Fayette County,16741,6716,23677,10025,0.7070574819445031,0.2836508003547747,0.42340668158972844
TN,47049,Fentress County,8543,1147,9757,7396,0.8755765091729015,0.11755662601209388,0.7580198831608076
TN,47051,Franklin County,15003,4524,19710,10479,0.7611872146118721,0.2295281582952816,0.5316590563165905
TN,47053,Gibson County,16346,5100,21648,11246,0.7550813008130082,0.23558758314855877,0.5194937176644494
TN,47055,Giles County,10394,2974,13487,7420,0.7706680507155038,0.2205086379476533,0.5501594127678505
TN,47057,Grainger County,9624,1432,11124,8192,0.8651564185544768,0.1287306724199928,0.736425746134484
TN,47059,Greene County,25524,5140,31027,20384,0.8226383472459471,0.16566216521094532,0.6569761820350017
TN,47061,Grundy County,5323,948,6317,4375,0.8426468260250118,0.15007123634636696,0.6925755896786449
TN,47063,Hamblen County,20130,5127,25471,15003,0.7903105492520907,0.20128773899729105,0.5890228102547996
TN,47065,Hamilton County,97051,74349,174201,22702,0.5571207972399699,0.4268000757745363,0.13032072146543355
TN,47067,Hancock County,2558,334,2908,2224,0.8796423658872077,0.11485557083906466,0.7647867950481431
TN,47069,Hardeman County,5792,3526,9397,2266,0.6163669256145579,0.37522613600085136,0.2411407896137065
TN,47071,Hardin County,10283,1703,12082,8580,0.8511008111239861,0.14095348452243006,0.710147326601556
TN,47073,Hawkins County,22044,3986,26243,18058,0.8399954273520558,0.1518881225469649,0.6881073048050909
TN,47075,Haywood County,3285,3310,6650,-25,0.493984962406015,0.49774436090225566,-0.003759398496240629
TN,47077,Henderson County,10081,1902,12045,8179,0.8369447903694479,0.15790784557907844,0.6790369447903695
TN,47079,Henry County,11625,3285,15071,8340,0.7713489483113264,0.21796828345829738,0.5533806648530291
TN,47081,Hickman County,8265,1968,10309,6297,0.8017266466194587,0.19090115433116694,0.6108254922882917
TN,47083,Houston County,2986,773,3807,2213,0.7843446283162595,0.20304701864985553,0.581297609666404
TN,47085,Humphreys County,6387,1765,8249,4622,0.7742756697781549,0.21396532913080374,0.5603103406473511
TN,47087,Jackson County,4577,1038,5665,3539,0.8079435127978817,0.18323036187113856,0.6247131509267432
TN,47089,Jefferson County,21041,4499,25784,16542,0.8160487123797704,0.17448805460750852,0.6415606577722619
TN,47091,Johnson County,6822,1211,8094,5611,0.8428465530022239,0.14961700024709662,0.6932295527551273
TN,47093,Knox County,130134,87287,220935,42847,0.5890148686265191,0.39508000090524364,0.19393486772127544
TN,47095,Lake County,1491,429,1937,1062,0.769747031491998,0.2214765100671141,0.5482705214248839
TN,47097,Lauderdale County,5633,2571,8266,3062,0.6814662472780063,0.3110331478345028,0.3704330994435035
TN,47099,Lawrence County,16428,2939,19532,13489,0.8410813024779848,0.15047102191275855,0.6906102805652263
TN,47101,Lewis County,4835,990,5872,3845,0.823399182561308,0.1685967302452316,0.6548024523160764
TN,47103,Lincoln County,13190,2779,16106,10411,0.8189494598286353,0.1725443933937663,0.6464050664348691
TN,47105,Loudon County,25209,7623,33190,17586,0.7595360048207291,0.22967761373907802,0.5298583910816511
TN,47107,McMinn County,19649,4202,24043,15447,0.8172441043131057,0.1747702033856008,0.6424739009275049
TN,47109,McNairy County,9433,1726,11262,7707,0.8375954537382347,0.15325874622624755,0.6843367075119872
TN,47111,Macon County,8958,1277,10333,7681,0.8669311913287525,0.12358463176231492,0.7433465595664376
TN,47113,Madison County,23385,16114,39963,7271,0.5851662788078973,0.4032229812576633,0.18194329755023397
TN,47115,Marion County,10770,3022,13911,7748,0.7742074617209402,0.21723815685428796,0.5569693048666523
TN,47117,Marshall County,12414,3389,15949,9025,0.7783560097811775,0.21248981127343408,0.5658661985077433
TN,47119,Maury County,37348,14135,52053,23213,0.7174994716923137,0.27155015080783046,0.4459493208844832
TN,47121,Meigs County,5082,968,6096,4114,0.8336614173228346,0.15879265091863518,0.6748687664041995
TN,47123,Monroe County,18508,3606,22303,14902,0.8298435188091288,0.16168228489440883,0.6681612339147199
TN,47125,Montgomery County,47785,32723,81732,15062,0.5846547251994323,0.40036950031811286,0.18428522488131943
TN,47127,Moore County,3060,542,3654,2518,0.8374384236453202,0.14833059660645867,0.6891078270388615
TN,47129,Morgan County,7407,1052,8538,6355,0.8675333801827125,0.12321386741625673,0.7443195127664558
TN,47131,Obion County,10595,2221,12899,8374,0.8213815024420498,0.17218389022404837,0.6491976122180014
TN,47133,Overton County,9035,1929,11060,7106,0.8169077757685352,0.1744122965641953,0.6424954792043399
TN,47135,Perry County,3139,558,3716,2581,0.8447255113024758,0.15016146393972013,0.6945640473627557
TN,47137,Pickett County,2437,485,2948,1952,0.826662143826323,0.16451831750339213,0.6621438263229309
TN,47139,Polk County,7302,1356,8727,5946,0.8367136473014781,0.15537985562048814,0.68133379168099
TN,47141,Putnam County,25554,8991,34939,16563,0.7313889922436246,0.2573342110535505,0.47405478119007416
TN,47143,Rhea County,11958,2308,14424,9650,0.8290349417637272,0.16001109262340543,0.6690238491403218
TN,47145,Roane County,20996,6071,27395,14925,0.7664172294214273,0.22160978280708157,0.5448074466143458
TN,47147,Robertson County,26260,8428,35070,17832,0.7487881380096949,0.2403193612774451,0.5084687767322498
TN,47149,Rutherford County,88748,56600,147536,32148,0.6015345407222644,0.38363518056609913,0.2178993601561653
TN,47151,Scott County,8608,942,9605,7666,0.8961998958875586,0.09807391983342009,0.7981259760541385
TN,47153,Sequatchie County,6511,1291,7878,5220,0.8264788017263265,0.16387407971566387,0.6626047220106626
TN,47155,Sevier County,35189,8316,43946,26873,0.8007327174259318,0.189232239566741,0.6115004778591908
TN,47157,Shelby County,118917,201759,326497,-82842,0.3642208044790611,0.6179505477845125,-0.25372974330545145
TN,47159,Smith County,7645,1594,9325,6051,0.8198391420911528,0.17093833780160858,0.6489008042895442
TN,47161,Stewart County,5378,1160,6609,4218,0.8137388409744288,0.17551823271296715,0.6382206082614617
TN,47163,Sullivan County,58081,16608,75451,41473,0.7697843633616519,0.22011636691362607,0.5496679964480258
TN,47165,Sumner County,68805,27939,97864,40866,0.7030675222758114,0.2854880241968446,0.41757949807896677
TN,47167,Tipton County,20302,6176,26730,14126,0.7595211372989151,0.2310512532734755,0.5284698840254396
TN,47169,Trousdale County,3358,856,4250,2502,0.7901176470588235,0.20141176470588235,0.5887058823529412
TN,47171,Unicoi County,6868,1575,8530,5293,0.8051582649472451,0.1846424384525205,0.6205158264947246
TN,47173,Union County,7380,1216,8665,6164,0.8517022504327756,0.14033467974610503,0.7113675706866706
TN,47175,Van Buren County,2712,524,3259,2188,0.8321571034059527,0.16078551702976374,0.671371586376189
TN,47177,Warren County,13185,3646,17007,9539,0.7752690068795202,0.2143823131651673,0.5608866937143528
TN,47179,Washington County,42242,18099,61145,24143,0.690849619756317,0.29600130836536104,0.39484831139095594
TN,47181,Wayne County,6016,762,6831,5254,0.8806909676474893,0.11155028546332894,0.7691406821841604
TN,47183,Weakley County,10528,2719,13375,7809,0.7871401869158878,0.20328971962616824,0.5838504672897196
TN,47185,White County,10698,2102,12909,8596,0.8287241459446898,0.16283213262065227,0.6658920133240376
TN,47187,Williamson County,94539,47676,144626,46863,0.6536791448287307,0.3296502703524954,0.3240288744762353
TN,47189,Wilson County,56338,23804,81116,32534,0.6945362197347009,0.29345628482666797,0.40107993490803295
TX,48001,Anderson County,15548,3621,19290,11927,0.8060134784862623,0.18771384136858477,0.6182996371176774
TX,48003,Andrews County,5204,806,6057,4398,0.8591712068680865,0.1330691761598151,0.7261020307082714
TX,48005,Angelina County,26034,8135,34393,17899,0.7569563573983078,0.23653068938446778,0.52042566801384
TX,48007,Aransas County,10073,2826,13006,7247,0.7744886975242196,0.21728433030908811,0.5572043672151314
TX,48009,Archer County,4590,519,5129,4071,0.8949112887502437,0.10118931565607331,0.7937219730941705
TX,48011,Armstrong County,1029,77,1109,952,0.9278629395852119,0.06943192064923355,0.8584310189359784
TX,48013,Atascosa County,13126,5140,18412,7986,0.712904627416902,0.27916576145991745,0.4337388659569845
TX,48015,Austin County,12438,2809,15353,9629,0.8101348270696281,0.18296098482381293,0.6271738422458152
TX,48017,Bailey County,1393,332,1738,1061,0.8014959723820483,0.19102416570771003,0.6104718066743382
TX,48019,Bandera County,10929,2527,13577,8402,0.8049642778227886,0.1861235913677543,0.6188406864550342
TX,48021,Bastrop County,23276,15941,39715,7335,0.586075790003777,0.40138486717864785,0.1846909228251291
TX,48023,Baylor County,1467,184,1666,1283,0.8805522208883554,0.11044417767106843,0.770108043217287
TX,48025,Bee County,6107,2597,8776,3510,0.6958751139471285,0.2959206927985415,0.39995442114858704
TX,48027,Bell County,75031,53800,130250,21231,0.5760537428023033,0.4130518234165067,0.16300191938579656
TX,48029,Bexar County,336260,408981,753783,-72721,0.44609655564001843,0.5425712705115397,-0.09647471487152132
TX,48031,Blanco County,6384,1952,8434,4432,0.756936210576239,0.23144415461228363,0.5254920559639554
TX,48033,Borden County,370,16,387,354,0.9560723514211886,0.041343669250646,0.9147286821705426
TX,48035,Bosque County,7963,1519,9560,6444,0.8329497907949791,0.15889121338912135,0.6740585774058577
TX,48037,Bowie County,27057,9237,36519,17820,0.7409019962211452,0.2529368274049125,0.48796516881623264
TX,48039,Brazoria County,95769,63849,161720,31920,0.5921902052930992,0.394812020776651,0.19737818451644817
TX,48041,Brazos County,56544,33671,91544,22873,0.6176701913833785,0.36781219959800754,0.249857991785371
TX,48043,Brewster County,2537,1967,4566,570,0.55562855891371,0.4307928164695576,0.12483574244415241
TX,48045,Briscoe County,666,72,744,594,0.8951612903225806,0.0967741935483871,0.7983870967741935
TX,48047,Brooks County,1077,1308,2402,-231,0.44837635303913403,0.5445462114904246,-0.09616985845129056
TX,48049,Brown County,14591,2131,16850,12460,0.8659347181008902,0.12646884272997033,0.7394658753709198
TX,48051,Burleson County,7586,1703,9359,5883,0.8105566834063468,0.18196388503045197,0.6285927983758948
TX,48053,Burnet County,21689,6018,27945,15671,0.7761316872427984,0.2153515834675255,0.5607801037752729
TX,48055,Caldwell County,8825,6517,15528,2308,0.5683281813498197,0.4196934569809377,0.14863472436888198
TX,48057,Calhoun County,5936,1852,7828,4084,0.7583035258048033,0.23658661216147164,0.5217169136433317
TX,48059,Callahan County,6173,758,6975,5415,0.8850179211469534,0.10867383512544802,0.7763440860215054
TX,48061,Cameron County,60925,54156,115951,6769,0.5254374692758148,0.4670593612819208,0.05837810799389398
TX,48063,Camp County,4006,1200,5236,2806,0.7650878533231474,0.22918258212375858,0.5359052711993888
TX,48065,Carson County,2853,288,3157,2565,0.9037060500475135,0.0912258473234083,0.8124802027241051
TX,48067,Cass County,11676,2398,14115,9278,0.8272051009564293,0.16989018774353526,0.657314913212894
TX,48069,Castro County,1594,418,2021,1176,0.7887184562097971,0.20682830282038595,0.5818901533894112
TX,48071,Chambers County,20557,4187,24956,16370,0.8237297643853182,0.16777528450072127,0.6559544798845969
TX,48073,Cherokee County,16580,3739,20484,12841,0.8094122241749658,0.1825327084553798,0.626879515719586
TX,48075,Childress County,1991,263,2272,1728,0.8763204225352113,0.11575704225352113,0.7605633802816901
TX,48077,Clay County,5288,584,5906,4704,0.8953606501862512,0.09888249238062986,0.7964781578056214
TX,48079,Cochran County,736,147,893,589,0.8241881298992161,0.16461366181410975,0.6595744680851063
TX,48081,Coke County,1620,179,1811,1441,0.8945334069574821,0.09884041965764771,0.7956929872998344
TX,48083,Coleman County,3711,428,4154,3283,0.8933558016369764,0.10303322099181512,0.7903225806451613
TX,48085,Collin County,278427,220269,512148,58158,0.5436455868225591,0.4300885681482696,0.11355701867428952
TX,48087,Collingsworth County,1066,135,1201,931,0.88759367194005,0.11240632805995004,0.7751873438801
TX,48089,Colorado County,7819,2102,9983,5717,0.7832314935390163,0.2105579485124712,0.5726735450265451
TX,48091,Comal County,74588,27548,103163,47040,0.7230111571008986,0.26703372333103925,0.45597743376985933
TX,48093,Comanche County,5679,834,6544,4845,0.8678178484107579,0.12744498777506114,0.7403728606356967
TX,48095,Concho County,1035,153,1195,882,0.8661087866108786,0.1280334728033473,0.7380753138075313
TX,48097,Cooke County,16949,3303,20399,13646,0.8308740624540418,0.16191970194617383,0.668954360507868
TX,48099,Coryell County,16665,6931,23858,9734,0.698507838041747,0.2905105205800989,0.4079973174616481
TX,48101,Cottle County,565,89,657,476,0.8599695585996956,0.1354642313546423,0.7245053272450532
TX,48103,Crane County,1195,186,1387,1009,0.8615717375630858,0.13410237923576063,0.7274693583273252
TX,48105,Crockett County,1085,323,1415,762,0.7667844522968198,0.2282685512367491,0.5385159010600706
TX,48107,Crosby County,1416,451,1880,965,0.7531914893617021,0.2398936170212766,0.5132978723404256
TX,48109,Culberson County,451,319,781,132,0.5774647887323944,0.4084507042253521,0.16901408450704225
TX,48111,Dallam County,1280,152,1442,1128,0.8876560332871013,0.10540915395284327,0.7822468793342581
TX,48113,Dallas County,319319,503783,838209,-184464,0.3809539148350829,0.6010231338484793,-0.22006921901339638
TX,48115,Dawson County,2808,667,3509,2141,0.8002279851809633,0.19008264462809918,0.6101453405528641
TX,48117,Deaf Smith County,3228,1013,4275,2215,0.7550877192982456,0.23695906432748537,0.5181286549707602
TX,48119,Delta County,2250,397,2658,1853,0.8465011286681715,0.1493604213694507,0.6971407072987208
TX,48121,Denton County,249304,189949,445919,59355,0.5590791152653285,0.425971981458516,0.1331071338068125
TX,48123,DeWitt County,6444,1262,7745,5182,0.8320206584893479,0.1629438347320852,0.6690768237572627
TX,48125,Dickens County,843,146,992,697,0.8497983870967742,0.14717741935483872,0.7026209677419355
TX,48127,Dimmit County,1648,1750,3406,-102,0.4838520258367587,0.5137991779213154,-0.029947152084556672
TX,48129,Donley County,1492,174,1692,1318,0.8817966903073287,0.10283687943262411,0.7789598108747046
TX,48131,Duval County,2435,1993,4447,442,0.5475601529120756,0.44816730380031483,0.09939284911176077
TX,48133,Eastland County,7397,918,8363,6479,0.8844912112878154,0.1097692215712065,0.7747219897166089
TX,48135,Ector County,32418,9876,42599,22542,0.761003779431442,0.23183642808516633,0.5291673513462757
TX,48137,Edwards County,867,133,1003,734,0.864406779661017,0.13260219341974078,0.7318045862412762
TX,48139,Ellis County,64706,33799,99377,30907,0.6511164555178763,0.340108878311883,0.3110075772059933
TX,48141,El Paso County,104966,142879,250922,-37913,0.4183212312989694,0.569415993814811,-0.15109476251584159
TX,48143,Erath County,15334,2866,18329,12468,0.8365977412843035,0.15636423154563805,0.6802335097386655
TX,48145,Falls County,4518,1709,6270,2809,0.7205741626794259,0.2725677830940989,0.44800637958532696
TX,48147,Fannin County,13633,2602,16364,11031,0.8331092642385725,0.15900757760938647,0.674101686629186
TX,48149,Fayette County,10684,2510,13307,8174,0.8028856992560307,0.18862252949575412,0.6142631697602766
TX,48151,Fisher County,1487,330,1829,1157,0.8130125751776928,0.18042646254784034,0.6325861126298524
TX,48153,Floyd County,1715,358,2089,1357,0.8209669698420297,0.1713738630923887,0.649593106749641
TX,48155,Foard County,448,92,545,356,0.8220183486238533,0.1688073394495413,0.653211009174312
TX,48157,Fort Bend County,173114,178134,360570,-5020,0.4801120448179272,0.49403444546135283,-0.013922400643425648
TX,48159,Franklin County,4461,809,5294,3652,0.842652058934643,0.1528145069890442,0.6898375519455988
TX,48161,Freestone County,7472,1487,9004,5985,0.8298533984895602,0.16514882274544646,0.6647045757441137
TX,48163,Frio County,3038,1844,4907,1194,0.6191155492154066,0.3757896882005299,0.2433258610148767
TX,48165,Gaines County,5840,538,6416,5302,0.9102244389027432,0.08385286783042394,0.8263715710723193
TX,48167,Galveston County,100074,56520,158492,43554,0.6314135729248164,0.35661105923327363,0.27480251369154274
TX,48169,Garza County,1374,213,1599,1161,0.8592870544090057,0.13320825515947468,0.726078799249531
TX,48171,Gillespie County,13175,3149,16444,10026,0.8012040865969351,0.19149841887618585,0.6097056677207493
TX,48173,Glasscock County,623,38,663,585,0.9396681749622926,0.05731523378582202,0.8823529411764706
TX,48175,Goliad County,3177,778,3983,2399,0.7976399698719558,0.19533015315089128,0.6023098167210645
TX,48177,Gonzales County,5980,1728,7753,4252,0.7713143299367986,0.22288146523926222,0.5484328646975364
TX,48179,Gray County,6688,845,7577,5843,0.8826712419163257,0.11152171043948793,0.7711495314768378
TX,48181,Grayson County,50468,14754,65751,35714,0.7675624705327676,0.2243920244559018,0.5431704460768658
TX,48183,Gregg County,32829,13115,46322,19714,0.7087129225853805,0.2831268079962005,0.42558611458918005
TX,48185,Grimes County,11175,2731,14018,8444,0.7971893280068484,0.19482094449992865,0.6023683835069198
TX,48187,Guadalupe County,54394,29328,84544,25066,0.6433809613928841,0.34689629068887207,0.2964846707040121
TX,48189,Hale County,7269,1899,9260,5370,0.7849892008639309,0.20507559395248381,0.579913606911447
TX,48191,Hall County,989,149,1146,840,0.8630017452006981,0.1300174520069808,0.7329842931937173
TX,48193,Hamilton County,3801,624,4455,3177,0.8531986531986532,0.14006734006734006,0.7131313131313131
TX,48195,Hansford County,1840,145,1996,1695,0.9218436873747495,0.07264529058116233,0.8491983967935872
TX,48197,Hardeman County,1210,188,1405,1022,0.8612099644128114,0.13380782918149467,0.7274021352313167
TX,48199,Hardin County,24669,3336,28124,21333,0.8771511875977812,0.1186175508462523,0.758533636751529
TX,48201,Harris County,720046,802370,1547132,-82324,0.46540695945788724,0.5186176745099965,-0.05321071505210928
TX,48203,Harrison County,22610,7334,30142,15276,0.7501161170459824,0.24331497578130185,0.5068011412646805
TX,48205,Hartley County,1843,163,2016,1680,0.9141865079365079,0.08085317460317461,0.8333333333333333
TX,48207,Haskell County,1915,312,2242,1603,0.8541480820695807,0.1391614629794826,0.7149866190900981
TX,48209,Hays County,58299,65294,125311,-6995,0.4652344965725276,0.5210556136332803,-0.05582111706075277
TX,48211,Hemphill County,1412,190,1612,1222,0.8759305210918115,0.11786600496277916,0.7580645161290323
TX,48213,Henderson County,31252,6875,38356,24377,0.8147877776619042,0.17924183960788403,0.6355459380540203
TX,48215,Hidalgo County,110560,104237,216709,6323,0.5101772422926597,0.4809998661799925,0.029177376112667186
TX,48217,Hill County,13646,2916,16677,10730,0.8182526833363315,0.17485159201295197,0.6434010913233795
TX,48219,Hockley County,6610,1321,7979,5289,0.82842461461336,0.16555959393407696,0.6628650206792831
TX,48221,Hood County,30136,6052,36482,24084,0.8260512033331506,0.16589002795899346,0.6601611753741572
TX,48223,Hopkins County,13682,2909,16692,10773,0.81967409537503,0.1742751018451953,0.6453989935298348
TX,48225,Houston County,7234,2062,9346,5172,0.7740209715386261,0.2206291461587845,0.5533918253798417
TX,48227,Howard County,7813,1754,9631,6059,0.8112345550825459,0.18212023673554148,0.6291143183470045
TX,48229,Hudspeth County,747,272,1031,475,0.7245392822502424,0.2638215324927255,0.46071774975751695
TX,48231,Hunt County,36115,10195,46664,25920,0.7739370821189783,0.21847677010114863,0.5554603120178296
TX,48233,Hutchinson County,7271,912,8238,6359,0.8826171400825443,0.11070648215586307,0.7719106579266812
TX,48235,Irion County,761,105,868,656,0.8767281105990783,0.12096774193548387,0.7557603686635944
TX,48237,Jack County,3817,363,4199,3454,0.9090259585615623,0.08644915456060967,0.8225768040009527
TX,48239,Jackson County,5360,904,6300,4456,0.8507936507936508,0.1434920634920635,0.7073015873015873
TX,48241,Jasper County,13137,2606,15804,10531,0.8312452543659833,0.16489496330043027,0.666350291065553
TX,48243,Jeff Davis County,699,450,1169,249,0.5979469632164243,0.3849443969204448,0.21300256629597947
TX,48245,Jefferson County,46453,38662,85852,7791,0.5410823277267857,0.45033313143549364,0.09074919629129202
TX,48247,Jim Hogg County,725,855,1584,-130,0.4577020202020202,0.5397727272727273,-0.08207070707070707
TX,48249,Jim Wells County,7627,5548,13229,2079,0.5765363973089425,0.4193816615012473,0.15715473580769518
TX,48251,Johnson County,60649,19175,80515,41474,0.7532633670744582,0.23815438117121032,0.5151089859032478
TX,48253,Jones County,5981,906,6938,5075,0.8620639953877198,0.13058518304987027,0.7314788123378495
TX,48255,Karnes County,4000,1049,5072,2951,0.7886435331230284,0.2068217665615142,0.5818217665615142
TX,48257,Kaufman County,43997,24667,69241,19330,0.6354183215147094,0.3562484655045421,0.27916985601016736
TX,48259,Kendall County,22655,6340,29265,16315,0.7741329232872032,0.2166410387835298,0.5574918845036734
TX,48261,Kenedy County,115,41,158,74,0.7278481012658228,0.25949367088607594,0.46835443037974683
TX,48263,Kent County,390,50,445,340,0.8764044943820225,0.11235955056179775,0.7640449438202248
TX,48265,Kerr County,21594,6299,28119,15295,0.7679504961058359,0.2240122337209716,0.5439382623848643
TX,48267,Kimble County,2126,261,2402,1865,0.8850957535387177,0.10865945045795171,0.776436303080766
TX,48269,King County,129,6,135,123,0.9555555555555556,0.044444444444444446,0.9111111111111112
TX,48271,Kinney County,1062,345,1417,717,0.7494707127734651,0.24347212420606917,0.5059985885673959
TX,48273,Kleberg County,5572,4315,9946,1257,0.5602252161673035,0.43384275085461493,0.12638246531268854
TX,48275,Knox County,1156,214,1376,942,0.8401162790697675,0.1555232558139535,0.684593023255814
TX,48277,Lamar County,17044,4079,21236,12965,0.8025993595780749,0.19207948766245997,0.610519871915615
TX,48279,Lamb County,3382,716,4122,2666,0.8204754973313926,0.17370208636584183,0.6467734109655507
TX,48281,Lampasas County,8951,2229,11283,6722,0.7933173801293982,0.19755384206328105,0.5957635380661171
TX,48283,La Salle County,1415,931,2356,484,0.6005942275042445,0.3951612903225806,0.2054329371816639
TX,48285,Lavaca County,9199,1229,10464,7970,0.8791093272171254,0.11745030581039756,0.7616590214067278
TX,48287,Lee County,6722,1639,8410,5083,0.7992865636147444,0.1948870392390012,0.6043995243757432
TX,48289,Leon County,7978,1028,9051,6950,0.8814495635841344,0.11357861009833167,0.7678709534858027
TX,48291,Liberty County,25182,5923,31228,19259,0.8063916997566287,0.18966952734725245,0.6167221724093763
TX,48293,Limestone County,7075,1920,9062,5155,0.7807327300816597,0.21187375855219598,0.5688589715294636
TX,48295,Lipscomb County,1123,123,1257,1000,0.8933969769291965,0.09785202863961814,0.7955449482895783
TX,48297,Live Oak County,4302,760,5086,3542,0.8458513566653558,0.14942980731419583,0.69642154935116
TX,48299,Llano County,10894,2605,13606,8289,0.8006761722769367,0.19145965015434369,0.6092165221225929
TX,48301,Loving County,86,10,97,76,0.8865979381443299,0.10309278350515463,0.7835051546391752
TX,48303,Lubbock County,86360,37010,124643,49350,0.6928588047463556,0.2969280264435227,0.39593077830283296
TX,48305,Lynn County,2171,367,2559,1804,0.848378272762798,0.14341539663931224,0.7049628761234857
TX,48307,McCulloch County,3024,454,3503,2570,0.8632600628033115,0.12960319725949188,0.7336568655438196
TX,48309,McLennan County,64522,33761,99302,30761,0.6497552919377253,0.339983081911744,0.3097722100259813
TX,48311,McMullen County,448,37,487,411,0.919917864476386,0.07597535934291581,0.8439425051334702
TX,48313,Madison County,4495,960,5482,3535,0.8199562203575338,0.17511856986501276,0.6448376504925211
TX,48315,Marion County,3550,1094,4680,2456,0.7585470085470085,0.23376068376068376,0.5247863247863247
TX,48317,Martin County,1825,247,2083,1578,0.8761401824291887,0.1185789726356217,0.757561209793567
TX,48319,Mason County,2076,434,2526,1642,0.8218527315914489,0.17181314330958036,0.6500395882818686
TX,48321,Matagorda County,9951,3224,13294,6727,0.7485331728599368,0.24251542049044683,0.50601775236949
TX,48323,Maverick County,9282,6368,15735,2914,0.5898951382268828,0.40470289164283446,0.18519224658404831
TX,48325,Medina County,17450,6939,24573,10511,0.7101290033776909,0.2823831034061775,0.4277458999715134
TX,48327,Menard County,859,169,1036,690,0.8291505791505791,0.16312741312741313,0.6660231660231659
TX,48329,Midland County,46601,11251,58356,35350,0.7985639865652203,0.192799369387895,0.6057646171773253
TX,48331,Milam County,8627,2315,11013,6312,0.7833469536002906,0.2102061200399528,0.5731408335603378
TX,48333,Mills County,2416,310,2739,2106,0.882073749543629,0.11317999269806499,0.768893756845564
TX,48335,Mitchell County,2144,352,2513,1792,0.8531635495423796,0.1400716275368086,0.713091922005571
TX,48337,Montague County,9804,1204,11072,8600,0.8854768786127167,0.108742774566474,0.7767341040462428
TX,48339,Montgomery County,221706,82022,306605,139684,0.7230997537548312,0.2675168376249572,0.45558291612987395
TX,48341,Moore County,4456,857,5354,3599,0.8322749346283153,0.16006723944714232,0.672207695181173
TX,48343,Morris County,4056,1305,5390,2751,0.7525046382189239,0.24211502782931354,0.5103896103896104
TX,48345,Motley County,611,35,649,576,0.9414483821263482,0.053929121725731895,0.8875192604006162
TX,48347,Nacogdoches County,17565,7680,25450,9885,0.6901768172888015,0.3017681728880157,0.3884086444007858
TX,48349,Navarro County,14952,4687,19777,10265,0.7560297315062952,0.23699246599585377,0.5190372655104414
TX,48351,Newton County,4781,952,5749,3829,0.8316228909375544,0.16559401635066967,0.6660288745868848
TX,48353,Nolan County,4047,1018,5111,3029,0.79182156133829,0.19917824300528272,0.5926433183330072
TX,48355,Nueces County,67015,53015,121188,14000,0.5529837937749612,0.4374608047001353,0.11552298907482589
TX,48357,Ochiltree County,2720,268,3004,2452,0.9054593874833555,0.08921438082556592,0.8162450066577897
TX,48359,Oldham County,894,74,973,820,0.9188078108941419,0.07605344295991778,0.8427543679342241
TX,48361,Orange County,30183,5937,36312,24246,0.8312128222075347,0.16349966953073364,0.667713152676801
TX,48363,Palo Pinto County,11033,2133,13263,8900,0.8318630777350524,0.16082334313503732,0.6710397346000151
TX,48365,Panola County,9497,1902,11431,7595,0.8308109526725571,0.16638964220103228,0.6644213104715249
TX,48367,Parker County,75091,14840,90692,60251,0.8279782119701848,0.16363075023155293,0.6643474617386319
TX,48369,Parmer County,2123,368,2504,1755,0.8478434504792333,0.14696485623003194,0.7008785942492013
TX,48371,Pecos County,3041,1142,4230,1899,0.7189125295508274,0.26997635933806147,0.44893617021276594
TX,48373,Polk County,19147,4868,24174,14279,0.7920493091751468,0.20137337635476132,0.5906759328203854
TX,48375,Potter County,22966,8730,32031,14236,0.7169929131154195,0.272548468670975,0.4444444444444445
TX,48377,Presidio County,686,1288,1992,-602,0.34437751004016065,0.6465863453815262,-0.3022088353413655
TX,48379,Rains County,5638,868,6542,4770,0.8618159584225008,0.13268113726689085,0.7291348211556099
TX,48381,Randall County,53262,12915,66781,40347,0.7975621808598254,0.19339333043829832,0.6041688504215271
TX,48383,Reagan County,800,140,948,660,0.8438818565400844,0.14767932489451477,0.6962025316455697
TX,48385,Real County,1625,315,1958,1310,0.8299284984678243,0.16087844739530133,0.669050051072523
TX,48387,Red River County,4681,1103,5795,3578,0.8077653149266609,0.1903364969801553,0.6174288179465056
TX,48389,Reeves County,2331,1066,3426,1265,0.680385288966725,0.3111500291885581,0.3692352597781669
TX,48391,Refugio County,2131,917,3067,1214,0.6948157808933811,0.2989892402999674,0.39582654059341377
TX,48393,Roberts County,547,20,570,527,0.9596491228070175,0.03508771929824561,0.9245614035087719
TX,48395,Robertson County,6157,1916,8124,4241,0.7578778926637124,0.23584441161989167,0.5220334810438207
TX,48397,Rockwall County,43480,18054,62150,25426,0.699597747385358,0.29049074818986326,0.4091069991954947
TX,48399,Runnels County,3580,452,4056,3128,0.8826429980276134,0.11143984220907298,0.7712031558185404
TX,48401,Rusk County,17212,4327,21670,12885,0.7942778034148592,0.19967697277341948,0.5946008306414398
TX,48403,Sabine County,4969,587,5574,4382,0.8914603516325799,0.10531036957301758,0.7861499820595623
TX,48405,San Augustine County,2913,809,3743,2104,0.7782527384450976,0.21613678867218808,0.5621159497729095
TX,48407,San Jacinto County,10478,2161,12726,8317,0.8233537639478233,0.1698098381266698,0.6535439258211535
TX,48409,San Patricio County,17323,8008,25541,9315,0.6782428252613445,0.3135351004267648,0.3647077248345797
TX,48411,San Saba County,2412,276,2703,2136,0.8923418423973363,0.10210876803551609,0.7902330743618202
TX,48413,Schleicher County,906,192,1108,714,0.8176895306859205,0.17328519855595667,0.6444043321299638
TX,48415,Scurry County,4908,730,5679,4178,0.8642366613840465,0.1285437577038211,0.7356929036802254
TX,48417,Shackelford County,1565,146,1727,1419,0.9061957151129125,0.08453966415749856,0.8216560509554139
TX,48419,Shelby County,8155,1740,9938,6415,0.8205876433890119,0.17508553028778426,0.6455021131012276
TX,48421,Sherman County,815,70,892,745,0.9136771300448431,0.07847533632286996,0.8352017937219731
TX,48423,Smith County,74657,27890,103454,46767,0.7216444023430704,0.26958841610764206,0.4520559862354283
TX,48425,Somervell County,4492,748,5281,3744,0.8505964779397841,0.14163984093921606,0.708956637000568
TX,48427,Starr County,9443,6845,16358,2598,0.5772710600317887,0.41844968822594447,0.15882137180584427
TX,48429,Stephens County,3354,384,3747,2970,0.8951160928742994,0.10248198558847077,0.7926341072858286
TX,48431,Sterling County,583,43,629,540,0.9268680445151033,0.06836248012718601,0.8585055643879173
TX,48433,Stonewall County,604,110,716,494,0.8435754189944135,0.15363128491620112,0.6899441340782123
TX,48435,Sutton County,1167,228,1400,939,0.8335714285714285,0.16285714285714287,0.6707142857142856
TX,48437,Swisher County,1839,403,2264,1436,0.8122791519434629,0.17800353356890458,0.6342756183745584
TX,48439,Tarrant County,425650,383023,820195,42627,0.5189619541694354,0.46699016697248824,0.05197178719694712
TX,48441,Taylor County,41116,13574,55250,27542,0.7441809954751131,0.24568325791855203,0.498497737556561
TX,48443,Terrell County,314,91,405,223,0.7753086419753087,0.22469135802469137,0.5506172839506174
TX,48445,Terry County,2813,587,3417,2226,0.823236757389523,0.1717881182323676,0.6514486391571553
TX,48447,Throckmorton County,822,73,899,749,0.914349276974416,0.08120133481646273,0.8331479421579533
TX,48449,Titus County,7849,2268,10188,5581,0.7704161758932077,0.2226148409893993,0.5478013349038083
TX,48451,Tom Green County,33316,11508,45274,21808,0.7358748950832708,0.2541856253037063,0.48168926977956444
TX,48453,Travis County,170613,398253,579369,-227640,0.2944807195414321,0.6873909373818758,-0.3929102178404437
TX,48455,Trinity County,6121,1192,7356,4929,0.8321098423056009,0.16204458945078848,0.6700652528548124
TX,48457,Tyler County,8265,1244,9551,7021,0.8653544131504555,0.13024814155585804,0.7351062715945974
TX,48459,Upshur County,16925,2812,19860,14113,0.8522155085599195,0.1415911379657603,0.7106243705941592
TX,48461,Upton County,1149,146,1303,1003,0.8818112049117421,0.11204911742133537,0.7697620874904068
TX,48463,Uvalde County,6480,3214,9763,3266,0.6637304107344054,0.3292020895216634,0.334528321212742
TX,48465,Val Verde County,9130,5244,14505,3886,0.6294381247845571,0.3615305067218201,0.267907618062737
TX,48467,Van Zandt County,24305,3427,27865,20878,0.8722411627489682,0.12298582451103535,0.7492553382379329
TX,48469,Victoria County,24994,9988,35212,15006,0.7098148358514142,0.28365330001135974,0.4261615358400545
TX,48471,Walker County,17503,7451,25148,10052,0.6959996818832511,0.2962859869572133,0.3997136949260378
TX,48473,Waller County,17057,10168,27510,6889,0.6200290803344238,0.36961105052708104,0.2504180298073428
TX,48475,Ward County,3111,627,3760,2484,0.8273936170212766,0.16675531914893618,0.6606382978723404
TX,48477,Washington County,14012,4045,18187,9967,0.7704404244790235,0.22241161269038323,0.5480288117886403
TX,48479,Webb County,33397,31996,65903,1401,0.5067599350560672,0.4855014187518019,0.021258516304265285
TX,48481,Wharton County,12431,3899,16433,8532,0.7564656483904338,0.23726647599342787,0.519199172397006
TX,48483,Wheeler County,2090,169,2269,1921,0.9211106214191274,0.0744821507271926,0.8466284706919348
TX,48485,Wichita County,31600,12084,44124,19516,0.7161635391170338,0.2738645635028556,0.4422989756141782
TX,48487,Wilbarger County,3562,858,4457,2704,0.799192281803904,0.1925061700695535,0.6066861117343505
TX,48489,Willacy County,2856,2673,5563,183,0.5133920546467733,0.4804961351788603,0.03289591946791298
TX,48491,Williamson County,154853,147171,307092,7682,0.5042560535604965,0.4792407487007151,0.02501530485978143
TX,48493,Wilson County,20881,6227,27237,14654,0.7666409663325623,0.22862282923963725,0.538018137092925
TX,48495,Winkler County,1646,283,1932,1363,0.8519668737060041,0.14648033126293997,0.7054865424430641
TX,48497,Wise County,32357,5597,38194,26760,0.8471749489448605,0.14654134157197465,0.7006336073728858
TX,48499,Wood County,20621,3618,24381,17003,0.8457815512079078,0.14839424141749724,0.6973873097904105
TX,48501,Yoakum County,2039,342,2393,1697,0.8520685332218972,0.14291684078562475,0.7091516924362725
TX,48503,Young County,7269,958,8276,6311,0.8783228612856452,0.11575640405993233,0.7625664572257128
TX,48505,Zapata County,2965,1874,4863,1091,0.6097059428336418,0.38535883199670984,0.22434711083693193
TX,48507,Zavala County,1480,1984,3490,-504,0.42406876790830944,0.5684813753581662,-0.1444126074498568
UT,49001,Beaver County,2781,394,3212,2387,0.8658156911581569,0.12266500622665007,0.7431506849315068
UT,49003,Box Elder County,22853,5274,28909,17579,0.7905150645127815,0.18243453595766024,0.6080805285551213
UT,49005,Cache County,39457,18718,60229,20739,0.6551163060983911,0.31078052101147285,0.34433578508691826
UT,49007,Carbon County,6719,2525,9445,4194,0.7113816834303864,0.2673372154579142,0.4440444679724722
UT,49009,Daggett County,443,101,550,342,0.8054545454545454,0.18363636363636363,0.6218181818181818
UT,49011,Davis County,101293,59895,166492,41398,0.6083955985873195,0.35974701487158545,0.24864858371573406
UT,49013,Duchesne County,7815,1009,8967,6806,0.8715289394446303,0.11252369800379168,0.7590052414408386
UT,49015,Emery County,4341,603,5011,3738,0.8662941528636998,0.12033526242267012,0.7459588904410297
UT,49017,Garfield County,2211,541,2811,1670,0.7865528281750267,0.19245819992885094,0.5940946282461758
UT,49019,Grand County,2327,2828,5300,-501,0.4390566037735849,0.5335849056603773,-0.0945283018867924
UT,49021,Iron County,21571,5683,27876,15888,0.773819773281676,0.20386712584301908,0.5699526474386569
UT,49023,Juab County,5671,734,6518,4937,0.8700521632402578,0.1126112304387849,0.7574409328014728
UT,49025,Kane County,3277,1137,4486,2140,0.7304948729380294,0.2534551939366919,0.4770396790013375
UT,49027,Millard County,5558,713,6385,4845,0.8704776820673453,0.11166797180892718,0.7588097102584181
UT,49029,Morgan County,5281,1250,6732,4031,0.7844622697563874,0.18568033273915627,0.5987819370172311
UT,49031,Piute County,854,94,963,760,0.8868120456905504,0.0976116303219107,0.7892004153686397
UT,49033,Rich County,1211,214,1447,997,0.8369039391845197,0.14789219073946094,0.6890117484450587
UT,49035,Salt Lake County,221555,273658,509492,-52103,0.43485471803286413,0.5371193267018913,-0.1022646086690272
UT,49037,San Juan County,3613,2581,6328,1032,0.5709544879898862,0.4078697850821745,0.16308470290771176
UT,49039,Sanpete County,10653,1906,12943,8747,0.8230703855365835,0.147261067758634,0.6758093177779495
UT,49041,Sevier County,9526,1236,10926,8290,0.8718652754896576,0.11312465678198792,0.7587406187076697
UT,49043,Summit County,10783,14612,25876,-3829,0.41671819446591435,0.56469315195548,-0.14797495748956563
UT,49045,Tooele County,23484,9560,33988,13924,0.6909497469695186,0.28127574438036956,0.40967400258914904
UT,49047,Uintah County,13599,1952,15831,11647,0.8590108015918135,0.12330238140357526,0.7357084201882382
UT,49049,Utah County,203476,84937,297944,118539,0.6829337056628091,0.2850770614612142,0.3978566442015949
UT,49051,Wasatch County,11495,6459,18354,5036,0.6262939958592133,0.35191238966982674,0.27438160618938656
UT,49053,Washington County,73165,22327,97243,50838,0.7523934884773197,0.22960007404131916,0.5227934144360005
UT,49055,Wayne County,1238,381,1651,857,0.7498485766202302,0.23076923076923078,0.5190793458509995
UT,49057,Weber County,67549,41238,112017,26311,0.6030245409178964,0.36814055009507485,0.23488399082282152
VT,50001,Addison County,6841,14879,22396,-8038,0.3054563314877657,0.6643597070905519,-0.35890337560278623
VT,50003,Bennington County,7698,12326,20553,-4628,0.3745438622098964,0.5997178027538559,-0.2251739405439595
VT,50005,Caledonia County,6927,8977,16482,-2050,0.4202766654532217,0.544654774905958,-0.12437810945273636
VT,50007,Chittenden County,20935,72656,96403,-51721,0.2171612916610479,0.7536694916133315,-0.5365081999522836
VT,50009,Essex County,1890,1344,3410,546,0.5542521994134897,0.39413489736070384,0.16011730205278585
VT,50011,Franklin County,12490,13280,26561,-790,0.4702383193403863,0.49998117540755244,-0.029742856067166146
VT,50013,Grand Isle County,1893,2940,4967,-1047,0.38111536138514196,0.5919065834507751,-0.2107912220656331
VT,50015,Lamoille County,4505,9788,14757,-5283,0.30527885071491495,0.6632784441282104,-0.3579995934132954
VT,50017,Orange County,6683,10220,17536,-3537,0.38110173357664234,0.5828010948905109,-0.20169936131386856
VT,50019,Orleans County,7233,7006,14655,227,0.4935516888433982,0.4780620948481747,0.015489593995223483
VT,50021,Rutland County,15586,17375,33885,-1789,0.4599675372583739,0.512763759775712,-0.052796222517338065
VT,50023,Washington County,9327,24527,35058,-15200,0.2660448399794626,0.6996120714244966,-0.43356723144503395
VT,50025,Windham County,6928,17904,25718,-10976,0.26938331129947896,0.6961661093397621,-0.42678279804028313
VT,50027,Windsor County,10457,22569,34017,-12112,0.3074051209689273,0.6634623864538319,-0.35605726548490463
VA,51001,Accomack County,9479,7333,16920,2146,0.5602245862884161,0.43339243498817964,0.12683215130023645
VA,51003,Albemarle County,20721,42472,64062,-21751,0.32345228060316566,0.6629827354750086,-0.33953045487184297
VA,51005,Alleghany County,5964,2065,8095,3899,0.7367510809141445,0.2550957381099444,0.48165534280420014
VA,51007,Amelia County,5690,2163,7893,3527,0.7208919295578361,0.27404028886355,0.4468516406942861
VA,51009,Amherst County,11589,5354,17068,6235,0.678989922662292,0.31368643074759783,0.36530349191469413
VA,51011,Appomattox County,7127,2299,9499,4828,0.7502895041583325,0.24202547636593325,0.5082640277923993
VA,51013,Arlington County,23624,95133,121190,-71509,0.19493357537750639,0.7849905107682152,-0.5900569353907088
VA,51015,Augusta County,31719,11116,43260,20603,0.7332177531206657,0.256957928802589,0.47625982431807673
VA,51017,Bath County,1935,581,2531,1354,0.76451995258791,0.2295535361517187,0.5349664164361912
VA,51019,Bedford County,37232,12125,49748,25107,0.7484119964621694,0.24372839109109914,0.5046836053710703
VA,51021,Bland County,2972,519,3516,2453,0.8452787258248009,0.1476109215017065,0.6976678043230944
VA,51023,Botetourt County,15563,5816,21556,9747,0.7219799591760995,0.2698088699202078,0.45217108925589167
VA,51025,Brunswick County,3475,4116,7621,-641,0.45597690591785855,0.5400866028080304,-0.08410969689017189
VA,51027,Buchanan County,7786,1331,9147,6455,0.8512080463539958,0.14551218978900185,0.705695856564994
VA,51029,Buckingham County,4773,2946,7798,1827,0.6120800205180815,0.3777891767119774,0.2342908438061041
VA,51031,Campbell County,22375,7770,30382,14605,0.7364557961951155,0.25574353235468367,0.4807122638404318
VA,51033,Caroline County,9269,7764,17212,1505,0.5385196374622356,0.4510806414129677,0.08743899604926791
VA,51035,Carroll County,12890,2868,15840,10022,0.8137626262626263,0.18106060606060606,0.6327020202020203
VA,51036,Charles City County,1877,2331,4246,-454,0.44206311822892136,0.5489872821479039,-0.10692416391898257
VA,51037,Charlotte County,3907,1964,5906,1943,0.6615306467998645,0.3325431764307484,0.32898747036911613
VA,51041,Chesterfield County,91840,108242,202781,-16402,0.452902392235959,0.5337876822779255,-0.08088529004196648
VA,51043,Clarke County,5520,3910,9569,1610,0.5768627860800501,0.4086111401400355,0.16825164594001463
VA,51045,Craig County,2515,533,3064,1982,0.820822454308094,0.1739556135770235,0.6468668407310705
VA,51047,Culpeper County,17400,10374,28077,7026,0.6197243295223849,0.36948391922213913,0.25024041030024574
VA,51049,Cumberland County,3282,2098,5413,1184,0.6063181230371328,0.387585442453353,0.21873268058377981
VA,51051,Dickenson County,5566,1298,6893,4268,0.8074858552154359,0.18830697809371827,0.6191788771217177
VA,51053,Dinwiddie County,9380,5829,15305,3551,0.6128716105847762,0.3808559294348252,0.23201568114995103
VA,51057,Essex County,3220,2747,6010,473,0.5357737104825291,0.45707154742096506,0.07870216306156402
VA,51059,Fairfax County,173320,365654,553855,-192334,0.31293389063924676,0.6601980662808858,-0.3472641756416391
VA,51061,Fauquier County,26192,16799,43496,9393,0.6021703145116792,0.38621942247562996,0.21595089203604928
VA,51063,Floyd County,6464,2924,9490,3540,0.6811380400421496,0.30811380400421495,0.37302423603793466
VA,51065,Fluvanna County,8638,7592,16394,1046,0.5269000853970965,0.4630962547273393,0.06380383066975726
VA,51067,Franklin County,22014,8230,30510,13784,0.7215339233038348,0.2697476237299246,0.4517862995739102
VA,51069,Frederick County,32444,17842,50855,14602,0.6379707010126832,0.3508406253072461,0.2871300757054371
VA,51071,Giles County,6982,2040,9080,4942,0.768942731277533,0.22466960352422907,0.5442731277533039
VA,51073,Gloucester County,15714,6955,22861,8759,0.6873715060583526,0.3042299112024846,0.383141594855868
VA,51075,Goochland County,11370,7763,19346,3607,0.5877183913987387,0.40127158068851443,0.1864468107102243
VA,51077,Grayson County,6445,1482,7983,4963,0.8073405987723913,0.18564449455092072,0.6216961042214706
VA,51079,Greene County,7233,4314,11694,2919,0.6185223191380195,0.3689071318624936,0.2496151872755259
VA,51081,Greensville County,1913,2301,4240,-388,0.4511792452830189,0.542688679245283,-0.09150943396226408
VA,51083,Halifax County,10591,6864,17571,3727,0.6027545387285869,0.390643674235957,0.2121108644926299
VA,51085,Hanover County,44850,26180,71797,18670,0.6246779113333426,0.36463919105255094,0.26003872028079167
VA,51087,Henrico County,61250,111308,175147,-50058,0.3497062467527277,0.6355118843028998,-0.28580563755017213
VA,51089,Henry County,16549,8297,25002,8252,0.6619070474362051,0.3318534517238621,0.330053595712343
VA,51091,Highland County,1095,416,1529,679,0.7161543492478745,0.27207325049051667,0.4440810987573578
VA,51093,Isle of Wight County,14375,9441,24036,4934,0.5980612414711266,0.39278582126809786,0.20527542020302875
VA,51095,James City County,23132,26211,49903,-3079,0.4635392661763822,0.5252389635893634,-0.0616996974129812
VA,51097,King and Queen County,2508,1514,4115,994,0.6094775212636695,0.3679222357229648,0.2415552855407047
VA,51099,King George County,9325,5545,15090,3780,0.6179589131875414,0.36746189529489726,0.2504970178926441
VA,51101,King William County,7964,3345,11400,4619,0.6985964912280702,0.29342105263157897,0.40517543859649124
VA,51103,Lancaster County,3821,3313,7191,508,0.5313586427478793,0.46071478236684743,0.07064386038103182
VA,51105,Lee County,8484,1370,9896,7114,0.8573160873080032,0.13843977364591753,0.7188763136620857
VA,51107,Loudoun County,89108,124796,220373,-35688,0.40435080522568556,0.5662944190077732,-0.16194361378208766
VA,51109,Louisa County,14789,8648,23637,6141,0.625671616533401,0.3658670728095782,0.2598045437238228
VA,51111,Lunenburg County,3534,2193,5757,1341,0.6138613861386139,0.3809275664408546,0.23293381969775923
VA,51113,Madison County,5568,2643,8277,2925,0.6727075027183762,0.3193185936933672,0.353388909025009
VA,51115,Mathews County,4063,1757,5868,2306,0.6923994546693933,0.2994205862304022,0.39297886843899116
VA,51117,Mecklenburg County,9644,6282,15996,3362,0.6029007251812953,0.3927231807951988,0.21017754438609654
VA,51119,Middlesex County,4292,2429,6771,1863,0.6338797814207651,0.3587357849652932,0.2751439964554719
VA,51121,Montgomery County,20575,21382,42614,-807,0.4828225465809358,0.5017599849814615,-0.01893743840052564
VA,51125,Nelson County,4908,4255,9247,653,0.5307667351573483,0.4601492375905699,0.07061749756677838
VA,51127,New Kent County,10805,5553,16485,5252,0.6554443433424325,0.33685168334849863,0.3185926599939339
VA,51131,Northampton County,3132,3547,6724,-415,0.46579417013682334,0.5275133848899465,-0.06171921475312314
VA,51133,Northumberland County,4877,3146,8086,1731,0.6031412317585951,0.3890675241157556,0.2140737076428395
VA,51135,Nottoway County,4096,2585,6730,1511,0.6086181277860326,0.38410104011887075,0.22451708766716189
VA,51137,Orange County,13484,8111,21801,5373,0.6185037383606257,0.3720471538002844,0.24645658456034125
VA,51139,Page County,9923,2910,12942,7013,0.7667284809148509,0.22484932777005098,0.5418791531448
VA,51141,Patrick County,7619,1858,9541,5761,0.7985536107326277,0.19473849701289173,0.603815113719736
VA,51143,Pittsylvania County,23916,9387,33491,14529,0.7141022961392612,0.2802842554716192,0.433818040667642
VA,51145,Powhatan County,14675,5572,20426,9103,0.7184470772544795,0.2727895819054147,0.44565749534906485
VA,51147,Prince Edward County,4595,4396,9090,199,0.5055005500550055,0.4836083608360836,0.021892189218921887
VA,51149,Prince George County,10339,6603,17103,3736,0.6045138279833947,0.38607261883880023,0.21844120914459447
VA,51153,Prince William County,85950,124465,216194,-38515,0.39755959924882284,0.5757097791798107,-0.17815017993098786
VA,51155,Pulaski County,12498,4740,17366,7758,0.7196821375100771,0.27294713808591503,0.4467349994241621
VA,51157,Rappahannock County,2901,2020,4975,881,0.5831155778894472,0.40603015075376886,0.17708542713567837
VA,51159,Richmond County,2661,1414,4099,1247,0.6491827274945109,0.34496218589899974,0.30422054159551115
VA,51161,Roanoke County,33821,21236,55685,12585,0.6073628445721468,0.3813594325222232,0.22600341204992364
VA,51163,Rockbridge County,8304,4085,12511,4219,0.6637359123970905,0.3265126688514108,0.33722324354567973
VA,51165,Rockingham County,31204,12960,44624,18244,0.6992649695231266,0.29042667622803875,0.4088382932950878
VA,51167,Russell County,11135,2136,13321,8999,0.8358982058404024,0.1603483221980332,0.6755498836423692
VA,51169,Scott County,9167,1558,10783,7609,0.8501344709264583,0.1444866920152091,0.7056477789112492
VA,51171,Shenandoah County,16955,6861,24063,10094,0.7046087354029007,0.28512654282508415,0.41948219257781655
VA,51173,Smyth County,11207,2717,14014,8490,0.7997002997002997,0.19387755102040816,0.6058227486798915
VA,51175,Southampton County,6053,3561,9684,2492,0.6250516315572078,0.3677199504337051,0.2573316811235027
VA,51177,Spotsylvania County,41553,34799,77255,6754,0.5378680991521584,0.4504433370008414,0.087424762151317
VA,51179,Stafford County,39331,39616,80145,-285,0.4907480192151725,0.4943040738661177,-0.003556054650945162
VA,51181,Surry County,2176,2153,4376,23,0.49725776965265084,0.4920018281535649,0.0052559414990859255
VA,51183,Sussex County,2226,2406,4663,-180,0.4773750804203303,0.5159768389448852,-0.03860175852455494
VA,51185,Tazewell County,16332,2980,19425,13352,0.8407722007722007,0.1534105534105534,0.6873616473616473
VA,51187,Warren County,15000,6702,21946,8298,0.6834958534584891,0.30538594732525287,0.3781099061332362
VA,51191,Washington County,22021,6639,28840,15382,0.7635575589459085,0.2302011095700416,0.5333564493758669
VA,51193,Westmoreland County,5884,4390,10360,1494,0.567953667953668,0.42374517374517373,0.14420849420849424
VA,51195,Wise County,13379,2964,16422,10415,0.8146997929606625,0.18048958713920352,0.634210205821459
VA,51197,Wythe County,12030,3025,15150,9005,0.7940594059405941,0.19966996699669967,0.5943894389438944
VA,51199,York County,20130,17768,38395,2362,0.5242870165386118,0.462768589660112,0.06151842687849979
VA,51510,Alexandria city,15122,58433,75029,-43311,0.2015487344893308,0.7788055285289688,-0.577256794039638
VA,51520,Bristol city,5089,2189,7328,2900,0.6944596069868996,0.29871724890829693,0.39574235807860264
VA,51530,Buena Vista city,1928,736,2713,1192,0.7106524143015113,0.27128639882049393,0.43936601548101734
VA,51540,Charlottesville city,2952,18024,21350,-15072,0.13826697892271664,0.8442154566744731,-0.7059484777517564
VA,51550,Chesapeake city,58888,63216,123589,-4328,0.47648253485342545,0.511501832687375,-0.03501929783394958
VA,51570,Colonial Heights city,5761,2886,8723,2875,0.6604379227330047,0.33084947839046197,0.32958844434254275
VA,51580,Covington city,1594,802,2410,792,0.6614107883817427,0.33278008298755185,0.32863070539419087
VA,51590,Danville city,6795,10411,17358,-3616,0.3914621500172831,0.599781080769674,-0.20831893075239089
VA,51595,Emporia city,736,1403,2153,-667,0.341848583372039,0.6516488620529494,-0.30980027868091037
VA,51600,Fairfax city,4168,8523,13021,-4355,0.3200983027417249,0.6545580216573228,-0.3344597189155979
VA,51610,Falls Church city,1576,7021,8739,-5445,0.18034100011442958,0.8034100011442957,-0.6230690010298662
VA,51620,Franklin city,1433,2304,3787,-871,0.37839978875099023,0.6083971481383681,-0.22999735938737786
VA,51630,Fredericksburg city,4294,8401,12930,-4107,0.33209590100541375,0.6497293116782676,-0.3176334106728539
VA,51640,Galax city,1896,735,2649,1161,0.7157417893544734,0.27746319365798416,0.43827859569648925
VA,51650,Hampton city,17690,40956,59486,-23266,0.2973808963453586,0.6884981340147261,-0.39111723766936757
VA,51660,Harrisonburg city,5244,9327,14871,-4083,0.3526326407101069,0.6271938672584224,-0.2745612265483155
VA,51670,Hopewell city,3753,4919,8757,-1166,0.42857142857142855,0.5617220509306841,-0.1331506223592555
VA,51678,Lexington city,1030,1795,2863,-765,0.3597624869018512,0.6269647223192455,-0.2672022354173943
VA,51680,Lynchburg city,17697,15994,34122,1703,0.5186390012308775,0.4687298517085751,0.049909149522302354
VA,51683,Manassas city,6446,8726,15456,-2280,0.41705486542443065,0.5645703933747412,-0.1475155279503106
VA,51685,Manassas Park city,2190,3298,5622,-1108,0.3895410885805763,0.5866239772323016,-0.19708288865172535
VA,51690,Martinsville city,2117,3378,5561,-1261,0.3806869268117245,0.6074447041898939,-0.22675777737816943
VA,51700,Newport News city,25449,46413,72886,-20964,0.3491617045797547,0.6367889580989491,-0.2876272535191944
VA,51710,Norfolk city,22935,56038,80207,-33103,0.285947610557682,0.6986671986235615,-0.41271958806587955
VA,51720,Norton city,1145,449,1605,696,0.7133956386292835,0.27975077881619936,0.4336448598130841
VA,51730,Petersburg city,1630,10829,12608,-9199,0.12928299492385786,0.8588991116751269,-0.729616116751269
VA,51735,Poquoson city,5670,2069,7839,3601,0.7233065442020666,0.26393672662329376,0.4593698175787729
VA,51740,Portsmouth city,11985,27481,40022,-15496,0.2994602968367398,0.6866473439608215,-0.3871870471240817
VA,51750,Radford city,2962,2965,6037,-3,0.4906410468775882,0.49113798244161005,-0.0004969355640218609
VA,51760,Richmond city,15941,82798,100905,-66857,0.15798027847975818,0.820553986422873,-0.6625737079431149
VA,51770,Roanoke city,15358,25020,40959,-9662,0.3749603261798384,0.6108547571962206,-0.23589443101638224
VA,51775,Salem city,7586,5102,12821,2484,0.5916855159503939,0.3979408782466266,0.19374463770376726
VA,51790,Staunton city,5614,7285,13073,-1671,0.4294347127667712,0.5572554119176929,-0.1278206991509217
VA,51800,Suffolk city,21453,29649,51721,-8196,0.41478316351191974,0.5732487770924769,-0.15846561358055716
VA,51810,Virginia Beach city,105454,109750,217999,-4296,0.48373616392735747,0.503442676342552,-0.019706512415194555
VA,51820,Waynesboro city,5737,5117,11000,620,0.5215454545454545,0.4651818181818182,0.05636363636363634
VA,51830,Williamsburg city,1984,5247,7338,-3263,0.2703733987462524,0.7150449713818479,-0.4446715726355955
VA,51840,Winchester city,5112,6224,11492,-1112,0.4448311869126349,0.541594152453881,-0.09676296554124608
WA,53001,Adams County,3745,1449,5316,2296,0.704477050413845,0.27257336343115124,0.43190368698269377
WA,53003,Asotin County,6927,4042,11268,2885,0.6147497337593184,0.3587149449769258,0.2560347887823926
WA,53005,Benton County,59099,37357,99150,21742,0.5960564800806858,0.37677256681795257,0.21928391326273322
WA,53007,Chelan County,22262,18252,41637,4010,0.5346686841030814,0.4383601124000288,0.09630857170305263
WA,53009,Clallam County,21582,25386,48283,-3804,0.4469896236770706,0.5257751175361929,-0.07878549385912226
WA,53011,Clark County,123713,143123,274418,-19410,0.45081955265325163,0.5215510644345488,-0.07073151178129716
WA,53013,Columbia County,1645,632,2348,1013,0.7005962521294719,0.26916524701873934,0.4314310051107325
WA,53015,Cowlitz County,34518,22789,58918,11729,0.5858651006483587,0.38679181234936694,0.1990732882989918
WA,53017,Douglas County,12998,7338,20891,5660,0.6221818007754536,0.3512517351969748,0.2709300655784788
WA,53019,Ferry County,2622,1283,4013,1339,0.6533765262895589,0.3197109394467979,0.333665586842761
WA,53021,Franklin County,18510,11363,30623,7147,0.6044476373967279,0.3710609672468406,0.2333866701498873
WA,53023,Garfield County,968,330,1337,638,0.7240089753178759,0.24682124158563948,0.47718773373223644
WA,53025,Grant County,24108,10698,35733,13410,0.6746704726723197,0.2993871211485182,0.37528335152380154
WA,53027,Grays Harbor County,19223,16921,37171,2302,0.5171504667617228,0.45522046756880363,0.061929999192919194
WA,53029,Island County,20897,29476,51877,-8579,0.40281820459934076,0.5681901420668118,-0.1653719374674711
WA,53031,Jefferson County,6304,17414,24501,-11110,0.2572956205869148,0.7107465001428513,-0.45345087955593655
WA,53033,King County,252020,831972,1122021,-579952,0.22461255181498385,0.7414941431577484,-0.5168815913427646
WA,53035,Kitsap County,58953,91544,155566,-32591,0.37895812709718063,0.5884576321304141,-0.2094995050332335
WA,53037,Kittitas County,14628,10802,26283,3826,0.556557470608378,0.41098809116158735,0.14556937944679066
WA,53039,Klickitat County,7174,5908,13510,1266,0.5310140636565507,0.43730569948186526,0.09370836417468542
WA,53041,Lewis County,29241,14398,44993,14843,0.6499010957260019,0.320005334163092,0.32989576156290984
WA,53043,Lincoln County,5227,1663,7046,3564,0.7418393414703378,0.2360204371274482,0.5058189043428896
WA,53045,Mason County,17922,17064,36128,858,0.49606953055801595,0.47232063773250665,0.023748892825509293
WA,53047,Okanogan County,11552,8457,20604,3095,0.5606678314890312,0.41045428072218987,0.15021355076684134
WA,53049,Pacific County,6980,6784,14107,196,0.4947898206564117,0.4808960090735096,0.013893811582902094
WA,53051,Pend Oreille County,5723,2422,8353,3301,0.6851430623728002,0.28995570453729197,0.39518735783550824
WA,53053,Pierce County,187929,234863,436092,-46934,0.4309388844555736,0.5385629637782853,-0.10762407932271167
WA,53055,San Juan County,2879,9521,12909,-6642,0.22302269734293903,0.737547447517236,-0.514524750174297
WA,53057,Skagit County,30711,36900,69716,-6189,0.44051580698835274,0.5292902633541798,-0.08877445636582709
WA,53059,Skamania County,3956,3144,7306,812,0.5414727621133315,0.43033123460169725,0.11114152751163425
WA,53061,Snohomish County,161309,240011,415171,-78702,0.3885362898661034,0.5781015533358543,-0.18956526346975094
WA,53063,Spokane County,145215,131070,284736,14145,0.5099987356709373,0.4603211395819285,0.049677596089008846
WA,53065,Stevens County,19852,7483,28042,12369,0.707938092860709,0.2668497254118822,0.4410883674488268
WA,53067,Thurston County,62213,95585,163480,-33372,0.38055419623195497,0.5846892586249083,-0.20413506239295331
WA,53069,Wahkiakum County,1579,1103,2764,476,0.571273516642547,0.3990593342981187,0.1722141823444283
WA,53071,Walla Walla County,15273,12904,28951,2369,0.5275465441608235,0.44571862802666573,0.08182791613415774
WA,53073,Whatcom County,49052,83041,136576,-33989,0.3591553420805998,0.6080204428303655,-0.2488651007497657
WA,53075,Whitman County,8648,10371,19682,-1723,0.4393862412356468,0.5269281577075501,-0.08754191647190329
WA,53077,Yakima County,49350,36689,88243,12661,0.5592511587321374,0.4157723558809197,0.14347880285121767
WV,54001,Barbour County,5071,1199,6395,3872,0.7929632525410477,0.18749022673964033,0.6054730258014074
WV,54003,Berkeley County,37580,17500,56102,20080,0.6698513421981391,0.31193183843713235,0.3579195037610068
WV,54005,Boone County,6314,1641,8142,4673,0.7754851387865389,0.20154753131908623,0.5739376074674527
WV,54007,Braxton County,3991,1233,5313,2758,0.751176359872012,0.23207227555053642,0.5191040843214756
WV,54009,Brooke County,6986,2621,9782,4365,0.7141688816193008,0.2679411163361276,0.4462277652831732
WV,54011,Cabell County,21229,13474,35429,7755,0.5991983967935872,0.3803099156058596,0.21888848118772763
WV,54013,Calhoun County,2391,488,2936,1903,0.8143732970027248,0.16621253405994552,0.6481607629427792
WV,54015,Clay County,2597,580,3240,2017,0.8015432098765433,0.17901234567901234,0.6225308641975309
WV,54017,Doddridge County,2541,374,2956,2167,0.8596075778078485,0.12652232746955344,0.733085250338295
WV,54019,Fayette County,10910,4387,15620,6523,0.6984635083226632,0.28085787451984634,0.4176056338028169
WV,54021,Gilmer County,1822,486,2344,1336,0.7773037542662116,0.20733788395904437,0.5699658703071672
WV,54023,Grant County,4949,552,5568,4397,0.8888290229885057,0.09913793103448276,0.789691091954023
WV,54025,Greenbrier County,10517,4196,14996,6321,0.7013203520938917,0.279807948786343,0.42151240330754863
WV,54027,Hampshire County,8464,1890,10500,6574,0.8060952380952381,0.18,0.626095238095238
WV,54029,Hancock County,9462,3360,13030,6102,0.7261703760552571,0.2578664620107444,0.4683039140445127
WV,54031,Hardy County,4997,1297,6411,3700,0.779441584776166,0.2023085322102636,0.5771330525659024
WV,54033,Harrison County,20480,8402,29495,12078,0.6943549754195626,0.2848618409899983,0.4094931344295643
WV,54035,Jackson County,9907,2699,12822,7208,0.7726563718608641,0.21049758228045548,0.5621587895804087
WV,54037,Jefferson County,16573,11967,29156,4606,0.5684250240087804,0.4104472492797366,0.15797777472904379
WV,54039,Kanawha County,43352,30231,75239,13121,0.5761905394808543,0.40179959861242176,0.17439094086843254
WV,54041,Lewis County,5550,1372,7048,4178,0.7874574347332577,0.19466515323496028,0.5927922814982974
WV,54043,Lincoln County,5770,1279,7187,4491,0.8028384583275359,0.17796020592736886,0.624878252400167
WV,54045,Logan County,9500,1848,11469,7652,0.8283198186415555,0.1611300026157468,0.6671898160258086
WV,54047,McDowell County,4310,1036,5425,3274,0.7944700460829494,0.19096774193548388,0.6035023041474654
WV,54049,Marion County,15881,8185,24634,7696,0.6446780871965576,0.332264350085248,0.3124137371113096
WV,54051,Marshall County,9808,3186,13233,6622,0.741177359631225,0.24076173203355247,0.5004156275976726
WV,54053,Mason County,8232,2111,10547,6121,0.7805063051104579,0.20015170190575518,0.5803546032047028
WV,54055,Mercer County,18372,4851,23584,13521,0.7790027137042063,0.20569029850746268,0.5733124151967436
WV,54057,Mineral County,10247,2483,12904,7764,0.7940948543087415,0.19242095474271545,0.601673899566026
WV,54059,Mingo County,7325,1061,8490,6264,0.8627797408716137,0.12497055359246172,0.737809187279152
WV,54061,Monongalia County,21084,19265,41452,1819,0.5086364952233909,0.46475441474476503,0.04388208047862591
WV,54063,Monroe County,5089,1155,6367,3934,0.7992775247369248,0.18140411496780273,0.6178734097691221
WV,54065,Morgan County,7009,1947,9097,5062,0.770473782565681,0.2140266021765417,0.5564471803891393
WV,54067,Nicholas County,7960,1919,10037,6041,0.7930656570688452,0.19119258742652187,0.6018730696423233
WV,54069,Ohio County,11593,6727,18689,4866,0.6203114131307186,0.35994435229279254,0.26036706083792605
WV,54071,Pendleton County,2687,680,3425,2007,0.7845255474452555,0.19854014598540146,0.585985401459854
WV,54073,Pleasants County,2632,656,3348,1976,0.7861409796893668,0.1959378733572282,0.5902031063321386
WV,54075,Pocahontas County,2889,927,3901,1962,0.7405793386311202,0.23763137657011021,0.50294796206101
WV,54077,Preston County,11176,2953,14426,8223,0.7747123249688064,0.20469984749757383,0.5700124774712325
WV,54079,Putnam County,19868,7124,27507,12744,0.7222888719235104,0.258988621078271,0.46330025084523946
WV,54081,Raleigh County,23644,6816,30966,16828,0.7635471161919525,0.22011238132144934,0.5434347348705031
WV,54083,Randolph County,8356,3008,11594,5348,0.7207176125582198,0.2594445402794549,0.46127307227876485
WV,54085,Ritchie County,3473,517,4050,2956,0.8575308641975309,0.1276543209876543,0.7298765432098766
WV,54087,Roane County,4189,1218,5521,2971,0.7587393588118094,0.2206122079333454,0.538127150878464
WV,54089,Summers County,3931,1226,5264,2705,0.7467705167173252,0.23290273556231003,0.5138677811550152
WV,54091,Taylor County,5422,1694,7265,3728,0.7463179628355128,0.23317274604267033,0.5131452167928424
WV,54093,Tucker County,2669,890,3636,1779,0.7340484048404841,0.24477447744774478,0.4892739273927393
WV,54095,Tyler County,2991,554,3617,2437,0.8269283936964336,0.15316560685651093,0.6737627868399226
WV,54097,Upshur County,7633,2033,9859,5600,0.7742164519728167,0.20620752611826756,0.5680089258545492
WV,54099,Wayne County,11934,3532,15747,8402,0.7578586397409031,0.22429669143328887,0.5335619483076142
WV,54101,Webster County,2478,479,2998,1999,0.8265510340226818,0.15977318212141428,0.6667778519012675
WV,54103,Wetzel County,4718,1294,6168,3424,0.7649156939040207,0.20979247730220493,0.5551232166018157
WV,54105,Wirt County,2120,409,2581,1711,0.8213870592793491,0.15846571096474235,0.6629213483146067
WV,54107,Wood County,26380,10317,37313,16063,0.7069922011095329,0.27649880738616567,0.4304933937233672
WV,54109,Wyoming County,6503,980,7565,5523,0.8596166556510244,0.12954395241242564,0.7300727032385987
WI,55001,Adams County,7750,4434,12829,3316,0.6041000857432379,0.34562319744329256,0.25847688829994536
WI,55003,Ashland County,4190,4612,8932,-422,0.4690998656515898,0.516345723242275,-0.047245857590685225
WI,55005,Barron County,16744,8941,26793,7803,0.6249393498301795,0.3337065651476132,0.2912327846825663
WI,55007,Bayfield County,4860,6107,11204,-1247,0.4337736522670475,0.5450731881470903,-0.11129953588004277
WI,55009,Brown County,79115,67910,148916,11205,0.5312726637836096,0.45602890219989795,0.07524376158371165
WI,55011,Buffalo County,5213,2765,8091,2448,0.6442961315041404,0.3417377332838957,0.3025583982202448
WI,55013,Burnett County,7005,3676,10813,3329,0.6478313141588828,0.3399611578655322,0.3078701562933506
WI,55015,Calumet County,19474,12922,32841,6552,0.5929782893334551,0.3934715751651899,0.1995067141682652
WI,55017,Chippewa County,23414,14575,38433,8839,0.6092160383004189,0.37923138969115083,0.2299846486092681
WI,55019,Clark County,10481,4509,15315,5972,0.6843617368592882,0.29441723800195885,0.3899444988573294
WI,55021,Columbia County,17988,16386,34841,1602,0.5162882810481904,0.4703079704945323,0.04598031055365803
WI,55023,Crawford County,5081,3850,9039,1231,0.5621197035070251,0.425932072131873,0.1361876313751521
WI,55025,Dane County,85449,273954,364794,-188505,0.23423904998437475,0.7509827464267504,-0.5167436964423757
WI,55027,Dodge County,33071,16520,50298,16551,0.6575012922979044,0.3284424828024971,0.32905880949540733
WI,55029,Door County,10098,10564,20894,-466,0.4832966401837848,0.505599693691969,-0.02230305350818418
WI,55031,Douglas County,11729,13072,25161,-1343,0.4661579428480585,0.519534199753587,-0.05337625690552844
WI,55033,Dunn County,14727,10637,25671,4090,0.5736823653149469,0.41435861477932295,0.15932375053562392
WI,55035,Eau Claire County,27724,34395,62994,-6671,0.4401054068641458,0.5460043813696542,-0.10589897450550845
WI,55037,Florence County,2356,783,3158,1573,0.7460417986067132,0.24794173527549082,0.49810006333122236
WI,55039,Fond du Lac County,37270,20494,58435,16776,0.6378026867459571,0.3507144690681954,0.28708821767776166
WI,55041,Forest County,3382,1681,5092,1701,0.664179104477612,0.33012568735271014,0.33405341712490183
WI,55043,Grant County,15923,10965,27248,4958,0.584373165002936,0.4024148561362302,0.18195830886670583
WI,55045,Green County,10842,10903,22025,-61,0.4922587968217934,0.4950283768444949,-0.002769580022701501
WI,55047,Green Lake County,7454,3448,11028,4006,0.6759158505622053,0.31265868697859994,0.3632571635836053
WI,55049,Iowa County,6631,7750,14647,-1119,0.45272069365740425,0.5291185908377142,-0.07639789718030993
WI,55051,Iron County,2562,1487,4083,1075,0.6274797942689199,0.3641929953465589,0.26328679892236095
WI,55053,Jackson County,6204,4157,10493,2047,0.5912513103974077,0.39616887448775373,0.19508243590965402
WI,55055,Jefferson County,28772,20581,50043,8191,0.5749455468297264,0.4112663109725636,0.16367923585716282
WI,55057,Juneau County,9525,4854,14527,4671,0.6556756384663042,0.33413643560267087,0.3215392028636333
WI,55059,Kenosha County,47471,41823,90461,5648,0.524767579398857,0.4623318336078531,0.06243574579100386
WI,55061,Kewaunee County,8266,4058,12464,4208,0.6631899871630296,0.32557766367137353,0.33761232349165604
WI,55063,La Crosse County,32243,39003,72232,-6760,0.44638110532727876,0.5399684350426404,-0.0935873297153616
WI,55065,Lafayette County,5256,3469,8820,1787,0.5959183673469388,0.3933106575963719,0.2026077097505669
WI,55067,Langlade County,7767,3738,11635,4029,0.6675547915771379,0.3212720240653201,0.3462827675118178
WI,55069,Lincoln County,10631,6306,17186,4325,0.6185848946817176,0.3669265681368556,0.25165832654486203
WI,55071,Manitowoc County,28203,17398,46237,10805,0.6099660445098082,0.3762787378073837,0.2336873067024245
WI,55073,Marathon County,46210,31528,78671,14682,0.5873828983996644,0.4007575853872456,0.1866253130124188
WI,55075,Marinette County,16670,7415,24364,9255,0.6842062058775242,0.30434247250041047,0.37986373337711377
WI,55077,Marquette County,6041,3252,9406,2789,0.642249627897087,0.34573676376780776,0.2965128641292792
WI,55078,Menominee County,296,1266,1572,-970,0.18829516539440203,0.8053435114503816,-0.6170483460559796
WI,55079,Milwaukee County,138009,316256,462716,-178247,0.2982585430371978,0.683477554266548,-0.3852190112293502
WI,55081,Monroe County,14448,8430,23153,6018,0.6240228048201097,0.3640996847060856,0.25992312011402413
WI,55083,Oconto County,17675,6967,24881,10708,0.7103814155379607,0.2800128612194044,0.43036855431855636
WI,55085,Oneida County,14455,10079,24836,4376,0.5820180383314544,0.4058221935899501,0.1761958447415043
WI,55087,Outagamie County,60824,49435,111899,11389,0.5435616046613464,0.4417823215578334,0.10177928310351297
WI,55089,Ozaukee County,34501,27873,63195,6628,0.5459450905926102,0.4410633752670306,0.1048817153255796
WI,55091,Pepin County,2798,1523,4351,1275,0.6430705584923007,0.35003447483337163,0.293036083658929
WI,55093,Pierce County,14416,10168,25316,4248,0.5694422499604993,0.4016432295781324,0.16779902038236688
WI,55095,Polk County,18295,9567,28210,8728,0.6485288904643743,0.3391350584898972,0.3093938319744771
WI,55097,Portage County,20986,21501,43155,-515,0.48629359286293594,0.4982273201251303,-0.011933727262194382
WI,55099,Price County,5763,3005,8854,2758,0.6508922520894511,0.3393946238988028,0.3114976281906483
WI,55101,Racine County,56347,49716,107397,6631,0.52466083782601,0.4629179586021956,0.06174287922381444
WI,55103,Richland County,5207,3982,9301,1225,0.5598322760993442,0.42812600795613376,0.1317062681432104
WI,55105,Rock County,40217,46642,88111,-6425,0.4564356323274052,0.5293550181021666,-0.07291938577476137
WI,55107,Rusk County,5761,2516,8361,3245,0.6890324123908623,0.30092094247099627,0.38811146991986606
WI,55109,St. Croix County,35532,23870,60471,11662,0.5875874386069355,0.3947346662036348,0.19285277240330073
WI,55111,Sauk County,18795,18170,37569,625,0.5002794857462269,0.48364342942319466,0.016636056323032278
WI,55113,Sawyer County,6422,4599,11120,1823,0.5775179856115108,0.4135791366906475,0.1639388489208633
WI,55115,Shawano County,15850,7336,23455,8514,0.6757620976337668,0.3127691323811554,0.36299296525261143
WI,55117,Sheboygan County,38758,27733,67400,11025,0.5750445103857567,0.4114688427299703,0.16357566765578635
WI,55119,Taylor County,8209,2823,11169,5386,0.734980750290984,0.2527531560569433,0.48222759423404066
WI,55121,Trempealeau County,9661,6217,16064,3444,0.6014068725099602,0.3870144422310757,0.2143924302788845
WI,55123,Vernon County,8760,7478,16492,1282,0.5311666262430269,0.45343196701431,0.07773465922871692
WI,55125,Vilas County,9837,6119,16101,3718,0.6109558412520961,0.3800385069250357,0.2309173343270604
WI,55127,Walworth County,36574,23139,60414,13435,0.6053894792597743,0.3830072499751713,0.22238222928460294
WI,55129,Washburn County,6966,3869,10958,3097,0.6356999452454828,0.3530753787187443,0.2826245665267385
WI,55131,Washington County,61606,28505,91165,33101,0.6757637251138047,0.31267482038062855,0.3630889047331761
WI,55133,Waukesha County,162751,108460,274810,54291,0.5922309959608457,0.3946726829445799,0.1975583130162658
WI,55135,Waupaca County,20057,9932,30311,10125,0.6617069710666095,0.32766982283659396,0.3340371482300155
WI,55137,Waushara County,9554,4527,14240,5027,0.6709269662921349,0.31790730337078654,0.35301966292134834
WI,55139,Winnebago County,49179,44657,95163,4522,0.5167869865388859,0.4692685182266217,0.047518468312264195
WI,55141,Wood County,24997,16599,42149,8398,0.593062706114024,0.39381717241215686,0.19924553370186715
WY,56001,Albany County,8930,8371,17639,559,0.5062645274675435,0.4745733885140881,0.03169113895345538
WY,56003,Big Horn County,4867,742,5691,4125,0.8552099806712353,0.13038130381303814,0.7248286768581972
WY,56005,Campbell County,16006,2004,18236,14002,0.877714411055056,0.10989252028953718,0.7678218907655188
WY,56007,Carbon County,4952,1274,6327,3678,0.7826774142563616,0.20135925399083293,0.5813181602655286
WY,56009,Converse County,5756,845,6678,4911,0.8619347109913148,0.1265348906858341,0.7353998203054807
WY,56011,Crook County,3805,443,4311,3362,0.8826258408721874,0.10276038042217583,0.7798654604500116
WY,56013,Fremont County,11552,5179,17060,6373,0.6771395076201642,0.30357561547479484,0.37356389214536934
WY,56015,Goshen County,4893,1156,6134,3737,0.7976850342354092,0.18845777632865993,0.6092272579067493
WY,56017,Hot Springs County,2082,488,2604,1594,0.7995391705069125,0.18740399385560677,0.6121351766513057
WY,56019,Johnson County,3936,847,4851,3089,0.8113790970933829,0.1746031746031746,0.6367759224902083
WY,56021,Laramie County,28063,14153,42899,13910,0.6541644327373598,0.32991445022028487,0.32424998251707493
WY,56023,Lincoln County,8957,1623,10731,7334,0.8346845587550088,0.15124405926754264,0.6834404994874661
WY,56025,Natrona County,24671,8337,33591,16334,0.7344526807775892,0.24819147986067697,0.4862612009169122
WY,56027,Niobrara County,1108,112,1230,996,0.9008130081300812,0.0910569105691057,0.8097560975609756
WY,56029,Park County,13084,3259,16575,9825,0.7893815987933634,0.1966214177978884,0.592760180995475
WY,56031,Platte County,3874,780,4727,3094,0.819547281573937,0.16500951977998732,0.6545377617939496
WY,56033,Sheridan County,12041,3920,16219,8121,0.7424008878475862,0.24169184290030213,0.5007090449472841
WY,56035,Sublette County,3905,920,4885,2985,0.7993858751279427,0.18833162743091095,0.6110542476970318
WY,56037,Sweetwater County,12541,3731,16569,8810,0.7568954070855212,0.2251795521757499,0.5317158549097712
WY,56039,Teton County,4134,8748,13077,-4614,0.31612755219086947,0.6689607708189952,-0.3528332186281257
WY,56041,Uinta County,7282,1561,8984,5721,0.8105520926090828,0.173753339269813,0.6367987533392698
WY,56043,Washakie County,3125,656,3841,2469,0.8135902108825827,0.17078885706847174,0.6428013538141109
WY,56045,Weston County,3069,378,3494,2691,0.8783629078420149,0.10818546078992558,0.7701774470520892
